id_avis,id_produit,id_client,id_achat,commentaire,note
1,1,3,1,Suspendisse ornare consequat lectus.,3.0
2,5,4,3,Integer non velit.,2.3
3,8,5,4,Pellentesque ultrices mattis odio. Donec vitae nisi.,3.4
4,10,6,5,Vestibulum ante ipsum primis in faucibus orci luctus et ultrices posuere cubilia Curae; Mauris viverra diam vitae quam.,3.0
5,13,7,9,Duis aliquam convallis nunc. Proin at turpis a pede posuere nonummy.,4.1
6,14,10,14,"Fusce posuere felis sed lacus. Morbi sem mauris, laoreet ut, rhoncus aliquet, pulvinar sed, nisl.",1.7
7,18,11,16,Etiam vel augue. Vestibulum rutrum rutrum neque.,2.4
8,20,14,22,Aenean auctor gravida sem. Praesent id massa id nisl venenatis lacinia.,0.6
9,21,15,23,Integer ac neque.,2.0
10,22,16,26,"Fusce posuere felis sed lacus. Morbi sem mauris, laoreet ut, rhoncus aliquet, pulvinar sed, nisl.",3.5
11,29,17,29,Cras non velit nec nisi vulputate nonummy.,3.3
12,31,18,30,Donec posuere metus vitae ipsum. Aliquam non mauris.,4.5
13,32,20,31,Sed accumsan felis.,4.0
14,39,21,51,Vestibulum ac est lacinia nisi venenatis tristique.,3.5
15,44,22,54,Morbi non lectus. Aliquam sit amet diam in magna bibendum imperdiet.,3.2
16,46,27,56,Aliquam erat volutpat. In congue.,4.6
17,49,28,58,Vestibulum sed magna at nunc commodo placerat. Praesent blandit.,5.0
18,52,32,61,Duis aliquam convallis nunc.,3.7
19,53,37,63,Curabitur convallis. Duis consequat dui nec nisi volutpat eleifend.,4.4
20,55,38,64,Donec dapibus. Duis at velit eu est congue elementum.,2.0
21,58,41,65,Curabitur in libero ut massa volutpat convallis.,1.2
22,59,43,69,Morbi a ipsum. Integer a nibh.,3.0
23,60,45,71,In hac habitasse platea dictumst.,0.2
24,62,48,75,Aliquam non mauris. Morbi non lectus.,3.8
25,63,52,77,Vivamus vestibulum sagittis sapien.,3.2
26,68,54,78,Pellentesque at nulla. Suspendisse potenti.,1.4
27,69,58,80,"Nam dui. Proin leo odio, porttitor id, consequat in, consequat ut, nulla.",4.9
28,79,62,81,Curabitur gravida nisi at nibh. In hac habitasse platea dictumst.,0.9
29,81,65,85,Duis at velit eu est congue elementum. In hac habitasse platea dictumst.,1.6
30,82,70,90,"Vivamus metus arcu, adipiscing molestie, hendrerit at, vulputate vitae, nisl. Aenean lectus.",4.6
31,87,71,92,"Nam ultrices, libero non mattis pulvinar, nulla pede ullamcorper augue, a suscipit nulla elit ac nulla. Sed vel enim sit amet nunc viverra dapibus.",0.5
32,90,72,93,In hac habitasse platea dictumst.,0.1
33,96,73,94,Proin eu mi.,0.6
34,97,74,95,Duis mattis egestas metus. Aenean fermentum.,0.3
35,98,75,98,Aenean auctor gravida sem. Praesent id massa id nisl venenatis lacinia.,0.0
36,100,77,101,"Nulla ac enim. In tempor, turpis nec euismod scelerisque, quam turpis adipiscing lorem, vitae mattis nibh ligula nec sem.",3.1
37,102,79,104,In congue. Etiam justo.,5.0
38,105,80,105,Mauris ullamcorper purus sit amet nulla.,4.1
39,106,83,106,Nunc nisl.,1.4
40,107,87,107,Curabitur gravida nisi at nibh. In hac habitasse platea dictumst.,2.3
41,108,88,108,Fusce posuere felis sed lacus.,4.2
42,110,89,110,"Morbi sem mauris, laoreet ut, rhoncus aliquet, pulvinar sed, nisl.",1.3
43,112,92,117,Proin risus. Praesent lectus.,3.6
44,119,95,118,Donec posuere metus vitae ipsum.,4.4
45,121,96,119,Morbi quis tortor id nulla ultrices aliquet.,1.0
46,126,97,121,Aenean auctor gravida sem. Praesent id massa id nisl venenatis lacinia.,3.0
47,127,100,125,"Morbi vestibulum, velit id pretium iaculis, diam erat fermentum justo, nec condimentum neque sapien placerat ante. Nulla justo.",3.5
48,129,106,130,Ut tellus.,4.8
49,135,107,135,"In hac habitasse platea dictumst. Aliquam augue quam, sollicitudin vitae, consectetuer eget, rutrum at, lorem.",3.5
50,137,108,139,Vivamus vel nulla eget eros elementum pellentesque.,3.6
51,138,117,142,"Integer aliquet, massa id lobortis convallis, tortor risus dapibus augue, vel accumsan tellus nisi eu orci. Mauris lacinia sapien quis libero.",2.5
52,141,119,145,Phasellus sit amet erat. Nulla tempus.,3.6
53,142,124,146,"Morbi odio odio, elementum eu, interdum eu, tincidunt in, leo.",0.3
54,144,125,149,Donec ut dolor. Morbi vel lectus in quam fringilla rhoncus.,1.5
55,145,126,151,Aenean fermentum. Donec ut mauris eget massa tempor convallis.,1.6
56,146,127,153,"Integer aliquet, massa id lobortis convallis, tortor risus dapibus augue, vel accumsan tellus nisi eu orci. Mauris lacinia sapien quis libero.",1.2
57,147,128,155,Vivamus in felis eu sapien cursus vestibulum.,2.9
58,148,129,157,In eleifend quam a odio. In hac habitasse platea dictumst.,2.8
59,155,134,158,Nulla facilisi. Cras non velit nec nisi vulputate nonummy.,1.9
60,156,137,159,Etiam faucibus cursus urna. Ut tellus.,4.4
61,157,140,161,"Cum sociis natoque penatibus et magnis dis parturient montes, nascetur ridiculus mus.",3.0
62,158,144,166,Proin eu mi.,2.6
63,161,146,167,"Mauris ullamcorper purus sit amet nulla. Quisque arcu libero, rutrum ac, lobortis vel, dapibus at, diam.",1.3
64,163,147,168,"Cum sociis natoque penatibus et magnis dis parturient montes, nascetur ridiculus mus.",0.2
65,166,148,171,"Lorem ipsum dolor sit amet, consectetuer adipiscing elit. Proin interdum mauris non ligula pellentesque ultrices.",1.7
66,167,153,173,"In hac habitasse platea dictumst. Aliquam augue quam, sollicitudin vitae, consectetuer eget, rutrum at, lorem.",1.0
67,169,157,174,Vestibulum ac est lacinia nisi venenatis tristique.,3.9
68,170,158,179,"Fusce lacus purus, aliquet at, feugiat non, pretium quis, lectus. Suspendisse potenti.",0.0
69,175,159,182,Proin interdum mauris non ligula pellentesque ultrices.,1.3
70,176,163,183,Duis at velit eu est congue elementum. In hac habitasse platea dictumst.,1.5
71,179,164,185,Morbi porttitor lorem id ligula.,0.9
72,181,167,186,Nulla mollis molestie lorem.,4.5
73,185,171,192,"Morbi ut odio. Cras mi pede, malesuada in, imperdiet et, commodo vulputate, justo.",3.1
74,186,173,193,Nulla tellus. In sagittis dui vel nisl.,1.4
75,187,174,195,Duis aliquam convallis nunc.,2.4
76,192,179,196,Quisque ut erat.,4.9
77,193,187,197,"Cras in purus eu magna vulputate luctus. Cum sociis natoque penatibus et magnis dis parturient montes, nascetur ridiculus mus.",0.1
78,195,189,198,"Mauris enim leo, rhoncus sed, vestibulum sit amet, cursus id, turpis.",0.3
79,196,191,200,"Suspendisse ornare consequat lectus. In est risus, auctor sed, tristique in, tempus sit amet, sem.",0.6
80,197,197,204,Integer a nibh. In quis justo.,2.9
81,205,199,207,Nulla suscipit ligula in lacus.,0.3
82,207,204,208,"Duis ac nibh. Fusce lacus purus, aliquet at, feugiat non, pretium quis, lectus.",0.7
83,208,205,209,Maecenas ut massa quis augue luctus tincidunt.,0.5
84,209,206,210,Pellentesque ultrices mattis odio. Donec vitae nisi.,3.7
85,210,218,213,"Donec diam neque, vestibulum eget, vulputate ut, ultrices vel, augue. Vestibulum ante ipsum primis in faucibus orci luctus et ultrices posuere cubilia Curae; Donec pharetra, magna vestibulum aliquet ultrices, erat tortor sollicitudin mi, sit amet lobortis sapien sapien non mi.",1.0
86,211,219,216,Vivamus in felis eu sapien cursus vestibulum.,4.8
87,212,221,221,Curabitur convallis.,2.4
88,213,222,222,Vivamus vestibulum sagittis sapien.,1.5
89,215,223,229,In blandit ultrices enim.,1.6
90,218,229,233,"Fusce congue, diam id ornare imperdiet, sapien urna pretium nisl, ut volutpat sapien arcu sed augue.",4.2
91,222,233,241,Pellentesque viverra pede ac diam. Cras pellentesque volutpat dui.,1.4
92,225,234,242,Praesent blandit. Nam nulla.,4.9
93,229,238,243,Donec ut mauris eget massa tempor convallis.,0.3
94,230,243,246,Nulla tellus. In sagittis dui vel nisl.,1.5
95,231,248,251,"Aliquam augue quam, sollicitudin vitae, consectetuer eget, rutrum at, lorem. Integer tincidunt ante vel ipsum.",0.1
96,234,249,253,Phasellus id sapien in sapien iaculis congue.,1.0
97,236,251,255,Donec vitae nisi.,0.8
98,239,255,257,In eleifend quam a odio.,2.0
99,240,257,259,"Vivamus metus arcu, adipiscing molestie, hendrerit at, vulputate vitae, nisl. Aenean lectus.",4.4
100,244,259,260,Cras in purus eu magna vulputate luctus.,4.2
101,249,260,261,Nulla suscipit ligula in lacus. Curabitur at ipsum ac tellus semper interdum.,2.8
102,256,261,262,"Nulla neque libero, convallis eget, eleifend luctus, ultricies eu, nibh.",4.7
103,258,263,263,"Nam congue, risus semper porta volutpat, quam pede lobortis ligula, sit amet eleifend pede libero quis orci.",1.7
104,261,265,264,"Nam congue, risus semper porta volutpat, quam pede lobortis ligula, sit amet eleifend pede libero quis orci.",2.9
105,263,267,266,"Vestibulum quam sapien, varius ut, blandit non, interdum in, ante.",5.0
106,265,271,270,Nunc purus.,3.3
107,266,273,274,Praesent blandit lacinia erat.,2.3
108,267,277,276,Nulla mollis molestie lorem.,1.2
109,268,283,279,Quisque ut erat.,1.7
110,269,285,280,"Mauris ullamcorper purus sit amet nulla. Quisque arcu libero, rutrum ac, lobortis vel, dapibus at, diam.",2.9
111,274,287,282,Nulla facilisi.,1.8
112,276,288,283,"Cum sociis natoque penatibus et magnis dis parturient montes, nascetur ridiculus mus. Etiam vel augue.",0.9
113,277,290,284,Aliquam erat volutpat.,1.1
114,280,292,293,Nulla tellus. In sagittis dui vel nisl.,3.5
115,281,296,299,In hac habitasse platea dictumst.,4.8
116,282,297,305,Aliquam erat volutpat. In congue.,2.0
117,288,300,308,"Nam ultrices, libero non mattis pulvinar, nulla pede ullamcorper augue, a suscipit nulla elit ac nulla.",3.6
118,289,302,310,Cras non velit nec nisi vulputate nonummy. Maecenas tincidunt lacus at velit.,1.2
119,294,303,311,Praesent id massa id nisl venenatis lacinia.,3.4
120,295,305,314,Maecenas rhoncus aliquam lacus. Morbi quis tortor id nulla ultrices aliquet.,0.4
121,297,308,319,Duis aliquam convallis nunc.,3.4
122,298,311,321,Cras pellentesque volutpat dui.,4.6
123,299,312,323,"Lorem ipsum dolor sit amet, consectetuer adipiscing elit.",4.3
124,301,313,324,Duis at velit eu est congue elementum.,0.9
125,304,316,326,Suspendisse potenti.,2.5
126,310,320,328,"Nullam orci pede, venenatis non, sodales sed, tincidunt eu, felis.",3.6
127,311,323,329,Vestibulum ac est lacinia nisi venenatis tristique.,4.8
128,313,324,332,Duis mattis egestas metus. Aenean fermentum.,3.7
129,314,339,333,"Integer pede justo, lacinia eget, tincidunt eget, tempus vel, pede.",2.3
130,315,342,338,In hac habitasse platea dictumst.,0.4
131,316,343,339,Morbi porttitor lorem id ligula.,4.4
132,318,344,341,In congue.,1.9
133,322,346,354,"Vivamus metus arcu, adipiscing molestie, hendrerit at, vulputate vitae, nisl.",4.8
134,328,347,355,"Nullam orci pede, venenatis non, sodales sed, tincidunt eu, felis.",0.0
135,333,353,357,"Morbi odio odio, elementum eu, interdum eu, tincidunt in, leo. Maecenas pulvinar lobortis est.",2.3
136,336,354,361,Nunc rhoncus dui vel sem.,1.4
137,339,355,362,Praesent blandit lacinia erat. Vestibulum sed magna at nunc commodo placerat.,0.8
138,344,360,363,Nunc nisl.,2.2
139,348,361,364,"Vestibulum ante ipsum primis in faucibus orci luctus et ultrices posuere cubilia Curae; Donec pharetra, magna vestibulum aliquet ultrices, erat tortor sollicitudin mi, sit amet lobortis sapien sapien non mi.",1.8
140,351,362,367,Donec ut dolor.,1.8
141,354,365,369,Maecenas pulvinar lobortis est.,4.9
142,355,366,370,Cras non velit nec nisi vulputate nonummy. Maecenas tincidunt lacus at velit.,4.1
143,356,367,371,In congue.,0.9
144,360,368,373,Duis mattis egestas metus.,1.1
145,363,369,376,"Praesent lectus. Vestibulum quam sapien, varius ut, blandit non, interdum in, ante.",0.0
146,364,373,378,Nulla nisl.,0.1
147,367,376,380,Nulla suscipit ligula in lacus.,4.6
148,368,384,391,Morbi porttitor lorem id ligula. Suspendisse ornare consequat lectus.,2.2
149,371,386,394,"Morbi sem mauris, laoreet ut, rhoncus aliquet, pulvinar sed, nisl. Nunc rhoncus dui vel sem.",3.1
150,374,391,396,Suspendisse potenti. Cras in purus eu magna vulputate luctus.,0.6
151,375,392,400,"In est risus, auctor sed, tristique in, tempus sit amet, sem. Fusce consequat.",1.1
152,376,394,401,Phasellus in felis.,2.3
153,377,397,402,Sed ante. Vivamus tortor.,2.1
154,378,401,405,Vestibulum ante ipsum primis in faucibus orci luctus et ultrices posuere cubilia Curae; Mauris viverra diam vitae quam. Suspendisse potenti.,1.8
155,379,407,408,Nullam varius.,3.3
156,380,408,409,Morbi vel lectus in quam fringilla rhoncus.,1.9
157,381,409,410,Nulla mollis molestie lorem. Quisque ut erat.,2.5
158,382,411,417,In congue. Etiam justo.,4.5
159,383,414,418,Vestibulum ac est lacinia nisi venenatis tristique.,0.6
160,384,415,424,Nulla tellus.,2.8
161,385,416,427,Ut tellus.,3.5
162,388,419,428,Maecenas tincidunt lacus at velit.,0.9
163,389,420,433,"Cum sociis natoque penatibus et magnis dis parturient montes, nascetur ridiculus mus.",4.1
164,392,421,436,"In tempor, turpis nec euismod scelerisque, quam turpis adipiscing lorem, vitae mattis nibh ligula nec sem. Duis aliquam convallis nunc.",3.8
165,395,422,437,In quis justo. Maecenas rhoncus aliquam lacus.,2.5
166,396,425,438,Integer a nibh.,4.8
167,398,426,442,Pellentesque eget nunc. Donec quis orci eget orci vehicula condimentum.,2.6
168,401,430,448,Pellentesque viverra pede ac diam.,0.1
169,402,431,451,Fusce consequat. Nulla nisl.,4.5
170,403,433,453,Praesent blandit lacinia erat.,0.4
171,404,439,456,Vestibulum ante ipsum primis in faucibus orci luctus et ultrices posuere cubilia Curae; Mauris viverra diam vitae quam.,4.6
172,408,443,457,Quisque id justo sit amet sapien dignissim vestibulum.,1.6
173,409,445,460,"Nam congue, risus semper porta volutpat, quam pede lobortis ligula, sit amet eleifend pede libero quis orci.",3.9
174,411,446,464,Nullam molestie nibh in lectus. Pellentesque at nulla.,0.9
175,412,448,470,Nam nulla.,2.3
176,415,452,473,Nullam porttitor lacus at turpis.,4.3
177,417,454,474,"Fusce congue, diam id ornare imperdiet, sapien urna pretium nisl, ut volutpat sapien arcu sed augue. Aliquam erat volutpat.",2.7
178,418,458,477,Integer non velit.,4.1
179,419,468,483,Morbi vel lectus in quam fringilla rhoncus.,4.1
180,422,471,485,Integer tincidunt ante vel ipsum.,3.8
181,424,472,488,Vivamus in felis eu sapien cursus vestibulum.,4.1
182,428,474,490,"Donec vitae nisi. Nam ultrices, libero non mattis pulvinar, nulla pede ullamcorper augue, a suscipit nulla elit ac nulla.",1.0
183,430,475,492,"Integer aliquet, massa id lobortis convallis, tortor risus dapibus augue, vel accumsan tellus nisi eu orci. Mauris lacinia sapien quis libero.",4.9
184,432,476,493,In quis justo. Maecenas rhoncus aliquam lacus.,0.2
185,437,478,495,Nullam varius. Nulla facilisi.,1.7
186,439,480,497,Etiam faucibus cursus urna.,3.9
187,446,481,503,Vestibulum rutrum rutrum neque.,5.0
188,447,483,507,Aliquam quis turpis eget elit sodales scelerisque. Mauris sit amet eros.,1.1
189,453,486,508,Donec vitae nisi.,3.0
190,456,487,509,Aenean auctor gravida sem. Praesent id massa id nisl venenatis lacinia.,1.3
191,458,492,510,Cras non velit nec nisi vulputate nonummy. Maecenas tincidunt lacus at velit.,1.0
192,460,493,514,Morbi a ipsum. Integer a nibh.,4.9
193,461,494,515,Nullam varius. Nulla facilisi.,0.8
194,464,495,517,Vivamus in felis eu sapien cursus vestibulum.,0.8
195,465,498,523,"Cum sociis natoque penatibus et magnis dis parturient montes, nascetur ridiculus mus.",1.2
196,475,499,524,"Cum sociis natoque penatibus et magnis dis parturient montes, nascetur ridiculus mus.",2.1
197,477,502,527,Morbi quis tortor id nulla ultrices aliquet.,0.4
198,478,504,532,Vivamus vel nulla eget eros elementum pellentesque. Quisque porta volutpat erat.,1.2
199,482,508,533,"Sed sagittis. Nam congue, risus semper porta volutpat, quam pede lobortis ligula, sit amet eleifend pede libero quis orci.",3.8
200,483,511,536,Suspendisse potenti. Cras in purus eu magna vulputate luctus.,0.6
201,484,514,537,"Fusce lacus purus, aliquet at, feugiat non, pretium quis, lectus.",2.7
202,485,517,541,Morbi quis tortor id nulla ultrices aliquet.,3.2
203,487,518,546,"Integer non velit. Donec diam neque, vestibulum eget, vulputate ut, ultrices vel, augue.",2.7
204,489,519,548,"Fusce lacus purus, aliquet at, feugiat non, pretium quis, lectus.",1.0
205,492,522,550,Phasellus in felis. Donec semper sapien a libero.,1.8
206,493,523,551,Praesent blandit lacinia erat. Vestibulum sed magna at nunc commodo placerat.,3.2
207,494,524,552,"Vestibulum ante ipsum primis in faucibus orci luctus et ultrices posuere cubilia Curae; Donec pharetra, magna vestibulum aliquet ultrices, erat tortor sollicitudin mi, sit amet lobortis sapien sapien non mi. Integer ac neque.",2.0
208,496,525,556,Suspendisse potenti.,0.3
209,497,531,563,Morbi porttitor lorem id ligula. Suspendisse ornare consequat lectus.,4.1
210,499,532,566,"Nam ultrices, libero non mattis pulvinar, nulla pede ullamcorper augue, a suscipit nulla elit ac nulla. Sed vel enim sit amet nunc viverra dapibus.",4.4
211,502,535,568,Maecenas pulvinar lobortis est. Phasellus sit amet erat.,2.1
212,503,537,572,In hac habitasse platea dictumst.,0.7
213,506,538,574,Nulla tempus. Vivamus in felis eu sapien cursus vestibulum.,4.4
214,517,539,575,Duis at velit eu est congue elementum.,1.3
215,518,540,578,Fusce consequat.,1.2
216,525,546,582,"Integer non velit. Donec diam neque, vestibulum eget, vulputate ut, ultrices vel, augue.",0.1
217,526,547,586,"In tempor, turpis nec euismod scelerisque, quam turpis adipiscing lorem, vitae mattis nibh ligula nec sem.",2.1
218,529,548,588,Nulla ac enim.,4.8
219,531,553,592,Ut tellus. Nulla ut erat id mauris vulputate elementum.,3.5
220,532,554,593,Vestibulum ante ipsum primis in faucibus orci luctus et ultrices posuere cubilia Curae; Duis faucibus accumsan odio. Curabitur convallis.,2.9
221,535,555,597,Integer ac leo. Pellentesque ultrices mattis odio.,1.9
222,536,556,598,Etiam pretium iaculis justo.,2.5
223,537,557,600,"Integer pede justo, lacinia eget, tincidunt eget, tempus vel, pede.",4.5
224,538,560,601,Quisque ut erat. Curabitur gravida nisi at nibh.,2.3
225,539,561,602,"Vivamus metus arcu, adipiscing molestie, hendrerit at, vulputate vitae, nisl.",4.9
226,540,570,604,Duis aliquam convallis nunc.,1.4
227,541,574,607,Praesent id massa id nisl venenatis lacinia.,1.2
228,547,575,610,Nullam sit amet turpis elementum ligula vehicula consequat. Morbi a ipsum.,2.2
229,549,579,615,In hac habitasse platea dictumst. Etiam faucibus cursus urna.,3.1
230,551,580,617,Quisque porta volutpat erat.,3.7
231,553,581,619,"Fusce posuere felis sed lacus. Morbi sem mauris, laoreet ut, rhoncus aliquet, pulvinar sed, nisl.",0.6
232,555,583,620,Suspendisse accumsan tortor quis turpis. Sed ante.,1.6
233,561,586,621,Duis ac nibh.,0.6
234,562,587,622,"In est risus, auctor sed, tristique in, tempus sit amet, sem.",3.4
235,566,589,623,"Integer aliquet, massa id lobortis convallis, tortor risus dapibus augue, vel accumsan tellus nisi eu orci. Mauris lacinia sapien quis libero.",1.7
236,569,595,624,Suspendisse potenti.,3.8
237,570,598,625,"Maecenas tristique, est et tempus semper, est quam pharetra magna, ac consequat metus sapien ut nunc.",1.9
238,575,602,629,"Nam ultrices, libero non mattis pulvinar, nulla pede ullamcorper augue, a suscipit nulla elit ac nulla.",4.7
239,576,605,636,"Maecenas leo odio, condimentum id, luctus nec, molestie sed, justo.",1.6
240,579,609,637,Aliquam quis turpis eget elit sodales scelerisque.,1.1
241,583,610,640,Cras non velit nec nisi vulputate nonummy.,2.5
242,586,611,641,Praesent blandit lacinia erat.,3.6
243,587,618,642,"Vivamus metus arcu, adipiscing molestie, hendrerit at, vulputate vitae, nisl.",3.0
244,590,619,645,Morbi porttitor lorem id ligula.,3.6
245,592,625,646,Etiam pretium iaculis justo.,3.2
246,593,628,648,"Maecenas tristique, est et tempus semper, est quam pharetra magna, ac consequat metus sapien ut nunc.",3.2
247,595,629,650,Etiam justo.,0.6
248,596,631,651,"Cras mi pede, malesuada in, imperdiet et, commodo vulputate, justo. In blandit ultrices enim.",2.5
249,604,634,655,"Donec odio justo, sollicitudin ut, suscipit a, feugiat et, eros.",1.4
250,614,635,657,Suspendisse potenti.,3.5
251,617,638,658,Vestibulum ante ipsum primis in faucibus orci luctus et ultrices posuere cubilia Curae; Mauris viverra diam vitae quam. Suspendisse potenti.,3.8
252,623,641,659,Praesent id massa id nisl venenatis lacinia. Aenean sit amet justo.,1.6
253,624,645,662,Duis aliquam convallis nunc.,3.5
254,627,647,663,"Curabitur in libero ut massa volutpat convallis. Morbi odio odio, elementum eu, interdum eu, tincidunt in, leo.",1.6
255,628,649,668,Integer ac neque.,2.2
256,630,651,670,Maecenas rhoncus aliquam lacus. Morbi quis tortor id nulla ultrices aliquet.,0.6
257,636,653,671,Nullam sit amet turpis elementum ligula vehicula consequat.,4.2
258,639,654,674,Sed vel enim sit amet nunc viverra dapibus.,1.7
259,641,657,676,Integer ac neque. Duis bibendum.,1.0
260,644,659,683,"Quisque porta volutpat erat. Quisque erat eros, viverra eget, congue eget, semper rutrum, nulla.",4.7
261,646,660,684,"Vestibulum ac est lacinia nisi venenatis tristique. Fusce congue, diam id ornare imperdiet, sapien urna pretium nisl, ut volutpat sapien arcu sed augue.",2.0
262,652,664,688,Donec semper sapien a libero. Nam dui.,3.3
263,656,665,690,Cras non velit nec nisi vulputate nonummy.,2.9
264,659,666,693,Ut tellus. Nulla ut erat id mauris vulputate elementum.,2.6
265,662,669,697,"Cras pellentesque volutpat dui. Maecenas tristique, est et tempus semper, est quam pharetra magna, ac consequat metus sapien ut nunc.",1.2
266,663,671,699,"Vestibulum ac est lacinia nisi venenatis tristique. Fusce congue, diam id ornare imperdiet, sapien urna pretium nisl, ut volutpat sapien arcu sed augue.",0.8
267,669,678,700,Suspendisse ornare consequat lectus.,1.5
268,673,679,702,Proin at turpis a pede posuere nonummy.,2.7
269,676,681,708,"Nunc nisl. Duis bibendum, felis sed interdum venenatis, turpis enim blandit mi, in porttitor pede justo eu massa.",3.0
270,677,686,710,In eleifend quam a odio. In hac habitasse platea dictumst.,1.0
271,678,691,712,Morbi a ipsum.,4.1
272,682,695,716,"Nulla neque libero, convallis eget, eleifend luctus, ultricies eu, nibh.",3.2
273,685,697,720,Vestibulum rutrum rutrum neque.,1.9
274,687,699,721,"Morbi quis tortor id nulla ultrices aliquet. Maecenas leo odio, condimentum id, luctus nec, molestie sed, justo.",4.1
275,688,700,722,"Morbi quis tortor id nulla ultrices aliquet. Maecenas leo odio, condimentum id, luctus nec, molestie sed, justo.",3.9
276,689,702,724,Aenean auctor gravida sem. Praesent id massa id nisl venenatis lacinia.,2.5
277,692,703,728,Donec quis orci eget orci vehicula condimentum.,4.1
278,697,708,733,"Nulla neque libero, convallis eget, eleifend luctus, ultricies eu, nibh.",3.1
279,700,710,734,Maecenas pulvinar lobortis est. Phasellus sit amet erat.,1.1
280,701,711,735,Donec dapibus.,2.8
281,706,714,737,Curabitur gravida nisi at nibh.,0.7
282,707,715,739,Morbi a ipsum. Integer a nibh.,1.1
283,712,717,740,Donec posuere metus vitae ipsum.,4.7
284,716,718,741,Nulla facilisi.,3.3
285,721,720,745,Nulla nisl. Nunc nisl.,2.8
286,722,723,747,Sed vel enim sit amet nunc viverra dapibus.,2.7
287,724,724,748,Suspendisse potenti. Nullam porttitor lacus at turpis.,4.4
288,726,731,750,"Curabitur in libero ut massa volutpat convallis. Morbi odio odio, elementum eu, interdum eu, tincidunt in, leo.",4.9
289,727,737,753,Integer ac leo.,4.9
290,731,741,754,"Lorem ipsum dolor sit amet, consectetuer adipiscing elit. Proin interdum mauris non ligula pellentesque ultrices.",1.0
291,733,743,756,Curabitur convallis.,4.0
292,737,746,760,Curabitur at ipsum ac tellus semper interdum.,3.5
293,739,749,763,"Quisque arcu libero, rutrum ac, lobortis vel, dapibus at, diam.",0.2
294,741,750,764,Vivamus vestibulum sagittis sapien.,3.1
295,745,753,766,Nulla ut erat id mauris vulputate elementum. Nullam varius.,2.6
296,746,754,768,Nulla facilisi.,0.1
297,747,755,769,In congue. Etiam justo.,0.5
298,750,757,770,"Donec vitae nisi. Nam ultrices, libero non mattis pulvinar, nulla pede ullamcorper augue, a suscipit nulla elit ac nulla.",2.7
299,754,760,776,Maecenas pulvinar lobortis est. Phasellus sit amet erat.,3.9
300,756,761,778,Proin risus.,1.4
301,757,766,779,Fusce posuere felis sed lacus.,3.2
302,758,769,780,Integer a nibh.,3.2
303,762,770,787,Donec quis orci eget orci vehicula condimentum. Curabitur in libero ut massa volutpat convallis.,1.5
304,763,774,788,Vestibulum ante ipsum primis in faucibus orci luctus et ultrices posuere cubilia Curae; Mauris viverra diam vitae quam.,0.2
305,764,777,792,In sagittis dui vel nisl. Duis ac nibh.,1.9
306,765,778,793,Praesent blandit lacinia erat. Vestibulum sed magna at nunc commodo placerat.,2.3
307,767,779,794,Suspendisse potenti. Nullam porttitor lacus at turpis.,3.2
308,768,780,796,In congue. Etiam justo.,2.9
309,771,782,803,"Nam congue, risus semper porta volutpat, quam pede lobortis ligula, sit amet eleifend pede libero quis orci. Nullam molestie nibh in lectus.",3.3
310,773,783,804,"Proin leo odio, porttitor id, consequat in, consequat ut, nulla. Sed accumsan felis.",3.0
311,777,784,805,Vivamus in felis eu sapien cursus vestibulum. Proin eu mi.,4.5
312,778,791,814,"Cum sociis natoque penatibus et magnis dis parturient montes, nascetur ridiculus mus.",1.4
313,780,792,817,Nam nulla.,3.7
314,781,793,822,Curabitur in libero ut massa volutpat convallis.,0.1
315,785,801,824,Donec semper sapien a libero.,0.1
316,797,802,825,Nulla suscipit ligula in lacus. Curabitur at ipsum ac tellus semper interdum.,3.1
317,798,804,827,Cras non velit nec nisi vulputate nonummy.,2.5
318,800,806,832,"Cras pellentesque volutpat dui. Maecenas tristique, est et tempus semper, est quam pharetra magna, ac consequat metus sapien ut nunc.",3.9
319,803,807,835,Nullam porttitor lacus at turpis.,4.5
320,804,812,836,Maecenas ut massa quis augue luctus tincidunt. Nulla mollis molestie lorem.,0.4
321,805,813,837,"Lorem ipsum dolor sit amet, consectetuer adipiscing elit. Proin risus.",1.1
322,806,814,841,"Quisque arcu libero, rutrum ac, lobortis vel, dapibus at, diam. Nam tristique tortor eu pede.",2.5
323,809,817,845,Proin interdum mauris non ligula pellentesque ultrices. Phasellus id sapien in sapien iaculis congue.,1.3
324,810,819,846,Nullam sit amet turpis elementum ligula vehicula consequat.,3.7
325,811,824,855,"Donec diam neque, vestibulum eget, vulputate ut, ultrices vel, augue. Vestibulum ante ipsum primis in faucibus orci luctus et ultrices posuere cubilia Curae; Donec pharetra, magna vestibulum aliquet ultrices, erat tortor sollicitudin mi, sit amet lobortis sapien sapien non mi.",2.9
326,812,828,856,Vestibulum rutrum rutrum neque.,3.2
327,816,829,857,"Integer aliquet, massa id lobortis convallis, tortor risus dapibus augue, vel accumsan tellus nisi eu orci.",4.9
328,821,833,860,"Nam dui. Proin leo odio, porttitor id, consequat in, consequat ut, nulla.",0.7
329,824,839,864,Nam tristique tortor eu pede.,3.3
330,827,840,870,"Quisque erat eros, viverra eget, congue eget, semper rutrum, nulla. Nunc purus.",0.7
331,833,844,873,Nulla facilisi.,4.9
332,837,845,875,"Suspendisse ornare consequat lectus. In est risus, auctor sed, tristique in, tempus sit amet, sem.",4.4
333,838,848,876,Suspendisse potenti.,3.9
334,843,849,878,"Vivamus vestibulum sagittis sapien. Cum sociis natoque penatibus et magnis dis parturient montes, nascetur ridiculus mus.",0.9
335,846,851,879,"Fusce posuere felis sed lacus. Morbi sem mauris, laoreet ut, rhoncus aliquet, pulvinar sed, nisl.",2.4
336,850,852,880,Curabitur at ipsum ac tellus semper interdum.,3.4
337,857,853,881,Aenean sit amet justo.,4.3
338,858,854,884,"Praesent lectus. Vestibulum quam sapien, varius ut, blandit non, interdum in, ante.",1.9
339,860,856,885,Morbi non quam nec dui luctus rutrum. Nulla tellus.,2.5
340,861,857,886,Proin risus. Praesent lectus.,2.1
341,864,858,888,Duis ac nibh.,3.7
342,866,859,889,Nulla tellus.,3.0
343,867,860,891,Nulla ut erat id mauris vulputate elementum. Nullam varius.,0.8
344,869,861,895,Etiam vel augue.,3.6
345,872,862,896,Integer ac neque. Duis bibendum.,0.2
346,875,863,897,In eleifend quam a odio. In hac habitasse platea dictumst.,1.9
347,877,865,899,"Morbi odio odio, elementum eu, interdum eu, tincidunt in, leo.",2.0
348,880,866,901,Vestibulum ante ipsum primis in faucibus orci luctus et ultrices posuere cubilia Curae; Duis faucibus accumsan odio.,2.0
349,883,867,902,Duis aliquam convallis nunc. Proin at turpis a pede posuere nonummy.,1.6
350,884,870,908,Pellentesque eget nunc. Donec quis orci eget orci vehicula condimentum.,2.1
351,887,871,911,Mauris sit amet eros.,0.5
352,890,873,913,"Donec ut mauris eget massa tempor convallis. Nulla neque libero, convallis eget, eleifend luctus, ultricies eu, nibh.",4.3
353,892,877,914,Integer tincidunt ante vel ipsum.,4.3
354,895,879,915,"Maecenas leo odio, condimentum id, luctus nec, molestie sed, justo. Pellentesque viverra pede ac diam.",2.9
355,907,882,920,"In tempor, turpis nec euismod scelerisque, quam turpis adipiscing lorem, vitae mattis nibh ligula nec sem.",2.1
356,913,884,921,Cras pellentesque volutpat dui.,3.8
357,914,886,922,Phasellus in felis. Donec semper sapien a libero.,0.9
358,915,887,930,Integer ac neque. Duis bibendum.,1.1
359,916,890,932,Maecenas pulvinar lobortis est. Phasellus sit amet erat.,1.4
360,921,891,934,Nulla ut erat id mauris vulputate elementum. Nullam varius.,2.3
361,923,892,937,Aliquam non mauris.,0.3
362,926,894,940,Donec posuere metus vitae ipsum.,0.6
363,927,895,943,Donec semper sapien a libero.,4.5
364,930,901,946,Nullam varius.,2.5
365,933,905,949,Vestibulum ante ipsum primis in faucibus orci luctus et ultrices posuere cubilia Curae; Mauris viverra diam vitae quam.,1.6
366,937,906,950,"Phasellus id sapien in sapien iaculis congue. Vivamus metus arcu, adipiscing molestie, hendrerit at, vulputate vitae, nisl.",0.7
367,938,909,951,Curabitur convallis.,2.9
368,942,911,953,Cras non velit nec nisi vulputate nonummy.,4.2
369,944,914,955,"Nam ultrices, libero non mattis pulvinar, nulla pede ullamcorper augue, a suscipit nulla elit ac nulla.",4.0
370,950,915,956,Phasellus sit amet erat.,0.1
371,954,918,957,Morbi vel lectus in quam fringilla rhoncus.,2.0
372,955,919,958,Sed sagittis.,1.2
373,959,922,960,Proin eu mi. Nulla ac enim.,4.7
374,963,925,962,Vestibulum ac est lacinia nisi venenatis tristique.,2.1
375,965,928,963,Duis at velit eu est congue elementum.,2.1
376,967,931,973,Morbi a ipsum. Integer a nibh.,4.9
377,969,932,976,"Donec odio justo, sollicitudin ut, suscipit a, feugiat et, eros. Vestibulum ac est lacinia nisi venenatis tristique.",3.6
378,971,933,982,Aliquam non mauris.,1.8
379,972,935,984,"Nam congue, risus semper porta volutpat, quam pede lobortis ligula, sit amet eleifend pede libero quis orci. Nullam molestie nibh in lectus.",3.7
380,976,941,988,Pellentesque eget nunc.,4.3
381,978,942,994,Donec ut mauris eget massa tempor convallis.,3.1
382,980,945,995,"Mauris enim leo, rhoncus sed, vestibulum sit amet, cursus id, turpis.",4.2
383,981,948,6,"In blandit ultrices enim. Lorem ipsum dolor sit amet, consectetuer adipiscing elit.",2.1
384,984,951,7,"Duis ac nibh. Fusce lacus purus, aliquet at, feugiat non, pretium quis, lectus.",1.9
385,985,953,9,"Vivamus metus arcu, adipiscing molestie, hendrerit at, vulputate vitae, nisl. Aenean lectus.",1.3
386,988,955,10,Nulla ac enim.,2.3
387,990,956,11,"Nullam orci pede, venenatis non, sodales sed, tincidunt eu, felis. Fusce posuere felis sed lacus.",1.2
388,991,960,13,Praesent lectus.,0.4
389,996,963,17,"In hac habitasse platea dictumst. Aliquam augue quam, sollicitudin vitae, consectetuer eget, rutrum at, lorem.",2.6
390,997,964,19,Praesent blandit lacinia erat. Vestibulum sed magna at nunc commodo placerat.,0.7
391,998,971,20,Cras in purus eu magna vulputate luctus.,2.5
392,1,972,23,"Maecenas leo odio, condimentum id, luctus nec, molestie sed, justo. Pellentesque viverra pede ac diam.",2.3
393,2,973,24,In blandit ultrices enim.,3.4
394,5,979,26,In hac habitasse platea dictumst.,5.0
395,10,980,29,Nulla tellus.,0.2
396,14,982,30,Morbi a ipsum. Integer a nibh.,2.9
397,21,986,31,Pellentesque eget nunc. Donec quis orci eget orci vehicula condimentum.,2.0
398,26,989,33,"Vestibulum quam sapien, varius ut, blandit non, interdum in, ante.",0.5
399,27,993,34,Ut at dolor quis odio consequat varius.,2.3
400,30,6,35,Morbi vel lectus in quam fringilla rhoncus.,3.7
401,32,11,41,"Nulla neque libero, convallis eget, eleifend luctus, ultricies eu, nibh. Quisque id justo sit amet sapien dignissim vestibulum.",0.2
402,33,12,42,Phasellus in felis. Donec semper sapien a libero.,0.8
403,35,13,43,Vivamus vel nulla eget eros elementum pellentesque.,2.0
404,38,15,45,Mauris lacinia sapien quis libero. Nullam sit amet turpis elementum ligula vehicula consequat.,5.0
405,39,19,50,Phasellus in felis.,3.3
406,41,21,54,Ut tellus.,4.6
407,43,22,61,Praesent blandit.,1.0
408,48,23,71,Sed sagittis.,4.2
409,56,30,73,In hac habitasse platea dictumst.,3.7
410,62,31,76,"Fusce posuere felis sed lacus. Morbi sem mauris, laoreet ut, rhoncus aliquet, pulvinar sed, nisl.",3.7
411,63,37,84,Praesent blandit lacinia erat. Vestibulum sed magna at nunc commodo placerat.,4.8
412,67,41,85,Nam dui.,2.8
413,70,42,88,"Fusce posuere felis sed lacus. Morbi sem mauris, laoreet ut, rhoncus aliquet, pulvinar sed, nisl.",4.2
414,73,46,96,Integer ac leo. Pellentesque ultrices mattis odio.,1.3
415,74,50,98,Cras non velit nec nisi vulputate nonummy. Maecenas tincidunt lacus at velit.,1.8
416,80,52,101,Sed vel enim sit amet nunc viverra dapibus. Nulla suscipit ligula in lacus.,2.9
417,83,54,107,Duis at velit eu est congue elementum.,3.5
418,91,55,113,Fusce consequat.,4.0
419,92,64,120,Aliquam erat volutpat. In congue.,4.6
420,93,65,121,Integer ac leo.,1.8
421,94,68,122,Donec ut dolor.,3.9
422,99,70,123,Nulla ut erat id mauris vulputate elementum.,1.5
423,102,72,126,In quis justo.,4.9
424,104,73,127,"Vestibulum ante ipsum primis in faucibus orci luctus et ultrices posuere cubilia Curae; Donec pharetra, magna vestibulum aliquet ultrices, erat tortor sollicitudin mi, sit amet lobortis sapien sapien non mi. Integer ac neque.",3.3
425,105,78,131,Nulla mollis molestie lorem. Quisque ut erat.,4.8
426,107,83,137,"Maecenas leo odio, condimentum id, luctus nec, molestie sed, justo.",3.7
427,112,85,140,Morbi non lectus. Aliquam sit amet diam in magna bibendum imperdiet.,1.5
428,114,87,142,"Curabitur in libero ut massa volutpat convallis. Morbi odio odio, elementum eu, interdum eu, tincidunt in, leo.",5.0
429,116,91,143,Vivamus vestibulum sagittis sapien.,2.7
430,118,92,147,"Cras in purus eu magna vulputate luctus. Cum sociis natoque penatibus et magnis dis parturient montes, nascetur ridiculus mus.",4.6
431,123,93,149,Integer a nibh. In quis justo.,3.1
432,126,94,152,In eleifend quam a odio. In hac habitasse platea dictumst.,2.4
433,130,95,154,In eleifend quam a odio.,2.6
434,131,99,155,Vivamus in felis eu sapien cursus vestibulum. Proin eu mi.,0.5
435,132,100,157,Etiam faucibus cursus urna.,1.5
436,134,108,159,Nunc rhoncus dui vel sem.,0.3
437,135,112,161,Duis mattis egestas metus.,3.6
438,138,113,162,"Donec ut mauris eget massa tempor convallis. Nulla neque libero, convallis eget, eleifend luctus, ultricies eu, nibh.",0.4
439,139,120,163,Ut tellus.,4.5
440,140,124,166,Ut tellus. Nulla ut erat id mauris vulputate elementum.,3.7
441,141,127,168,In hac habitasse platea dictumst. Etiam faucibus cursus urna.,0.1
442,143,128,169,Duis aliquam convallis nunc.,1.8
443,146,129,173,"Cras in purus eu magna vulputate luctus. Cum sociis natoque penatibus et magnis dis parturient montes, nascetur ridiculus mus.",2.2
444,147,132,177,"Morbi odio odio, elementum eu, interdum eu, tincidunt in, leo.",4.4
445,150,133,179,Maecenas pulvinar lobortis est.,1.7
446,152,135,180,Vivamus tortor.,1.0
447,157,136,189,In congue. Etiam justo.,3.4
448,158,138,190,Pellentesque at nulla. Suspendisse potenti.,4.2
449,161,142,191,Praesent blandit.,1.4
450,167,143,194,"Morbi vestibulum, velit id pretium iaculis, diam erat fermentum justo, nec condimentum neque sapien placerat ante.",4.7
451,175,144,195,In quis justo. Maecenas rhoncus aliquam lacus.,3.8
452,177,147,196,Nullam sit amet turpis elementum ligula vehicula consequat. Morbi a ipsum.,2.9
453,178,148,199,Mauris sit amet eros.,0.8
454,179,150,202,Mauris ullamcorper purus sit amet nulla.,1.4
455,180,151,203,"Fusce lacus purus, aliquet at, feugiat non, pretium quis, lectus. Suspendisse potenti.",3.9
456,181,153,204,Ut tellus.,2.3
457,182,155,205,Proin at turpis a pede posuere nonummy. Integer non velit.,1.8
458,185,156,209,In eleifend quam a odio.,4.6
459,186,159,210,"Integer aliquet, massa id lobortis convallis, tortor risus dapibus augue, vel accumsan tellus nisi eu orci.",1.0
460,191,165,211,"Vestibulum ante ipsum primis in faucibus orci luctus et ultrices posuere cubilia Curae; Donec pharetra, magna vestibulum aliquet ultrices, erat tortor sollicitudin mi, sit amet lobortis sapien sapien non mi.",2.2
461,193,166,215,Suspendisse accumsan tortor quis turpis. Sed ante.,0.2
462,195,167,220,Praesent blandit lacinia erat.,4.1
463,204,169,222,"Phasellus id sapien in sapien iaculis congue. Vivamus metus arcu, adipiscing molestie, hendrerit at, vulputate vitae, nisl.",0.7
464,205,172,230,Nullam molestie nibh in lectus. Pellentesque at nulla.,0.6
465,210,173,231,"Lorem ipsum dolor sit amet, consectetuer adipiscing elit.",1.5
466,212,176,232,"Lorem ipsum dolor sit amet, consectetuer adipiscing elit.",4.8
467,214,180,233,Praesent blandit lacinia erat.,3.4
468,216,182,236,"Nam ultrices, libero non mattis pulvinar, nulla pede ullamcorper augue, a suscipit nulla elit ac nulla. Sed vel enim sit amet nunc viverra dapibus.",2.2
469,218,183,238,Curabitur convallis. Duis consequat dui nec nisi volutpat eleifend.,3.0
470,219,184,239,Etiam faucibus cursus urna.,3.7
471,220,185,240,Ut tellus.,3.9
472,222,187,244,Cras in purus eu magna vulputate luctus.,5.0
473,223,189,246,Suspendisse potenti. Cras in purus eu magna vulputate luctus.,0.0
474,224,191,248,"Cras pellentesque volutpat dui. Maecenas tristique, est et tempus semper, est quam pharetra magna, ac consequat metus sapien ut nunc.",2.7
475,231,192,250,Suspendisse potenti. Cras in purus eu magna vulputate luctus.,2.0
476,235,201,256,"Fusce congue, diam id ornare imperdiet, sapien urna pretium nisl, ut volutpat sapien arcu sed augue.",0.4
477,236,204,257,"Fusce congue, diam id ornare imperdiet, sapien urna pretium nisl, ut volutpat sapien arcu sed augue. Aliquam erat volutpat.",3.9
478,238,206,261,"Aliquam augue quam, sollicitudin vitae, consectetuer eget, rutrum at, lorem. Integer tincidunt ante vel ipsum.",0.9
479,249,209,270,Suspendisse potenti.,3.9
480,251,213,274,"Integer pede justo, lacinia eget, tincidunt eget, tempus vel, pede. Morbi porttitor lorem id ligula.",0.5
481,257,226,276,Maecenas tincidunt lacus at velit. Vivamus vel nulla eget eros elementum pellentesque.,4.7
482,258,235,277,"In blandit ultrices enim. Lorem ipsum dolor sit amet, consectetuer adipiscing elit.",2.8
483,259,236,280,Duis bibendum.,3.0
484,260,239,284,"Nulla neque libero, convallis eget, eleifend luctus, ultricies eu, nibh.",0.3
485,261,241,285,Ut at dolor quis odio consequat varius. Integer ac leo.,0.6
486,267,242,288,Vestibulum ante ipsum primis in faucibus orci luctus et ultrices posuere cubilia Curae; Duis faucibus accumsan odio. Curabitur convallis.,1.5
487,270,251,289,Integer ac leo.,0.2
488,272,254,290,Sed ante. Vivamus tortor.,4.9
489,273,257,293,Pellentesque at nulla.,0.6
490,274,258,296,Cras non velit nec nisi vulputate nonummy.,4.4
491,278,259,298,Nunc purus. Phasellus in felis.,2.5
492,282,260,300,Vestibulum ante ipsum primis in faucibus orci luctus et ultrices posuere cubilia Curae; Mauris viverra diam vitae quam.,4.5
493,283,261,303,"Vestibulum ante ipsum primis in faucibus orci luctus et ultrices posuere cubilia Curae; Donec pharetra, magna vestibulum aliquet ultrices, erat tortor sollicitudin mi, sit amet lobortis sapien sapien non mi. Integer ac neque.",0.0
494,285,262,305,"Maecenas tristique, est et tempus semper, est quam pharetra magna, ac consequat metus sapien ut nunc. Vestibulum ante ipsum primis in faucibus orci luctus et ultrices posuere cubilia Curae; Mauris viverra diam vitae quam.",3.8
495,286,263,306,Curabitur convallis. Duis consequat dui nec nisi volutpat eleifend.,4.4
496,292,264,309,In eleifend quam a odio.,0.2
497,294,268,314,"Integer pede justo, lacinia eget, tincidunt eget, tempus vel, pede.",3.5
498,295,273,317,Proin at turpis a pede posuere nonummy. Integer non velit.,1.3
499,298,274,320,"Fusce lacus purus, aliquet at, feugiat non, pretium quis, lectus.",0.9
500,299,275,326,"Cum sociis natoque penatibus et magnis dis parturient montes, nascetur ridiculus mus. Etiam vel augue.",1.9
501,300,276,327,Vestibulum ante ipsum primis in faucibus orci luctus et ultrices posuere cubilia Curae; Mauris viverra diam vitae quam. Suspendisse potenti.,1.9
502,302,277,332,"Donec odio justo, sollicitudin ut, suscipit a, feugiat et, eros. Vestibulum ac est lacinia nisi venenatis tristique.",1.7
503,303,279,337,Suspendisse ornare consequat lectus.,0.2
504,304,280,338,"Nam dui. Proin leo odio, porttitor id, consequat in, consequat ut, nulla.",1.1
505,306,284,341,In hac habitasse platea dictumst.,0.9
506,307,286,344,Ut tellus.,4.7
507,308,289,345,Quisque id justo sit amet sapien dignissim vestibulum.,2.9
508,312,293,354,Duis aliquam convallis nunc.,1.1
509,314,298,355,Curabitur at ipsum ac tellus semper interdum.,4.3
510,317,304,356,"Fusce lacus purus, aliquet at, feugiat non, pretium quis, lectus. Suspendisse potenti.",1.8
511,318,305,357,Mauris lacinia sapien quis libero.,4.2
512,323,306,361,"Fusce posuere felis sed lacus. Morbi sem mauris, laoreet ut, rhoncus aliquet, pulvinar sed, nisl.",1.4
513,327,307,362,In eleifend quam a odio. In hac habitasse platea dictumst.,0.3
514,330,309,364,In hac habitasse platea dictumst.,3.1
515,331,310,365,"Vestibulum ante ipsum primis in faucibus orci luctus et ultrices posuere cubilia Curae; Nulla dapibus dolor vel est. Donec odio justo, sollicitudin ut, suscipit a, feugiat et, eros.",2.0
516,332,311,368,Cras in purus eu magna vulputate luctus.,3.0
517,337,312,369,Donec posuere metus vitae ipsum. Aliquam non mauris.,1.1
518,338,314,372,Proin at turpis a pede posuere nonummy.,0.5
519,343,315,375,Fusce consequat. Nulla nisl.,3.0
520,346,316,378,Vivamus in felis eu sapien cursus vestibulum.,4.3
521,352,319,379,Vestibulum sed magna at nunc commodo placerat.,0.7
522,356,324,380,Mauris sit amet eros.,3.0
523,359,326,383,"Quisque arcu libero, rutrum ac, lobortis vel, dapibus at, diam.",4.6
524,360,328,385,"Morbi vestibulum, velit id pretium iaculis, diam erat fermentum justo, nec condimentum neque sapien placerat ante. Nulla justo.",2.7
525,361,330,388,Donec quis orci eget orci vehicula condimentum. Curabitur in libero ut massa volutpat convallis.,3.8
526,364,332,389,"Mauris enim leo, rhoncus sed, vestibulum sit amet, cursus id, turpis. Integer aliquet, massa id lobortis convallis, tortor risus dapibus augue, vel accumsan tellus nisi eu orci.",1.4
527,365,335,390,"Maecenas tristique, est et tempus semper, est quam pharetra magna, ac consequat metus sapien ut nunc.",4.0
528,366,336,392,"Nullam orci pede, venenatis non, sodales sed, tincidunt eu, felis.",1.0
529,368,337,393,"Morbi sem mauris, laoreet ut, rhoncus aliquet, pulvinar sed, nisl.",3.0
530,370,338,395,"In tempor, turpis nec euismod scelerisque, quam turpis adipiscing lorem, vitae mattis nibh ligula nec sem. Duis aliquam convallis nunc.",4.6
531,376,339,396,"Lorem ipsum dolor sit amet, consectetuer adipiscing elit. Proin interdum mauris non ligula pellentesque ultrices.",4.5
532,379,343,399,Morbi a ipsum. Integer a nibh.,4.8
533,384,345,401,"Sed sagittis. Nam congue, risus semper porta volutpat, quam pede lobortis ligula, sit amet eleifend pede libero quis orci.",4.8
534,386,346,403,"Nam nulla. Integer pede justo, lacinia eget, tincidunt eget, tempus vel, pede.",3.2
535,387,347,407,Integer ac leo. Pellentesque ultrices mattis odio.,4.5
536,389,349,408,Morbi ut odio.,2.4
537,393,350,409,Nulla tempus. Vivamus in felis eu sapien cursus vestibulum.,3.3
538,394,351,410,Pellentesque ultrices mattis odio. Donec vitae nisi.,2.9
539,396,354,412,Integer a nibh.,0.2
540,397,355,416,"Cum sociis natoque penatibus et magnis dis parturient montes, nascetur ridiculus mus. Etiam vel augue.",3.7
541,399,356,418,Sed accumsan felis.,2.9
542,404,358,419,Nulla tellus.,4.5
543,405,360,421,Aenean fermentum. Donec ut mauris eget massa tempor convallis.,0.7
544,406,361,422,Praesent blandit lacinia erat.,3.3
545,407,362,425,Vestibulum ante ipsum primis in faucibus orci luctus et ultrices posuere cubilia Curae; Mauris viverra diam vitae quam. Suspendisse potenti.,2.6
546,413,365,428,In hac habitasse platea dictumst.,5.0
547,414,368,431,Nulla ut erat id mauris vulputate elementum.,3.0
548,416,371,432,"Proin leo odio, porttitor id, consequat in, consequat ut, nulla.",0.3
549,417,374,441,"Donec ut mauris eget massa tempor convallis. Nulla neque libero, convallis eget, eleifend luctus, ultricies eu, nibh.",0.7
550,419,380,443,Nulla justo. Aliquam quis turpis eget elit sodales scelerisque.,3.5
551,420,382,444,Donec dapibus.,2.4
552,424,384,445,Phasellus sit amet erat.,0.5
553,429,385,452,Maecenas tincidunt lacus at velit. Vivamus vel nulla eget eros elementum pellentesque.,2.0
554,433,388,454,Donec ut dolor. Morbi vel lectus in quam fringilla rhoncus.,3.9
555,435,389,455,Curabitur convallis. Duis consequat dui nec nisi volutpat eleifend.,2.1
556,436,390,456,Nulla tellus. In sagittis dui vel nisl.,4.3
557,439,393,458,"Lorem ipsum dolor sit amet, consectetuer adipiscing elit. Proin interdum mauris non ligula pellentesque ultrices.",4.2
558,442,397,459,"Donec odio justo, sollicitudin ut, suscipit a, feugiat et, eros. Vestibulum ac est lacinia nisi venenatis tristique.",2.3
559,443,398,463,"Nulla neque libero, convallis eget, eleifend luctus, ultricies eu, nibh. Quisque id justo sit amet sapien dignissim vestibulum.",2.2
560,444,400,466,"Nulla neque libero, convallis eget, eleifend luctus, ultricies eu, nibh. Quisque id justo sit amet sapien dignissim vestibulum.",4.1
561,447,401,467,"Donec diam neque, vestibulum eget, vulputate ut, ultrices vel, augue. Vestibulum ante ipsum primis in faucibus orci luctus et ultrices posuere cubilia Curae; Donec pharetra, magna vestibulum aliquet ultrices, erat tortor sollicitudin mi, sit amet lobortis sapien sapien non mi.",3.1
562,448,402,468,Vivamus vel nulla eget eros elementum pellentesque. Quisque porta volutpat erat.,1.9
563,453,406,469,"Aliquam augue quam, sollicitudin vitae, consectetuer eget, rutrum at, lorem. Integer tincidunt ante vel ipsum.",3.2
564,455,408,473,"Aliquam sit amet diam in magna bibendum imperdiet. Nullam orci pede, venenatis non, sodales sed, tincidunt eu, felis.",3.6
565,460,409,475,Proin risus.,1.6
566,461,413,477,"Morbi sem mauris, laoreet ut, rhoncus aliquet, pulvinar sed, nisl. Nunc rhoncus dui vel sem.",2.6
567,462,415,481,Aliquam quis turpis eget elit sodales scelerisque. Mauris sit amet eros.,1.5
568,463,416,486,Ut tellus.,1.3
569,464,418,492,Morbi non quam nec dui luctus rutrum.,1.1
570,465,420,494,Nulla tellus.,2.3
571,466,423,496,Cras pellentesque volutpat dui.,1.9
572,467,425,500,"Aliquam augue quam, sollicitudin vitae, consectetuer eget, rutrum at, lorem. Integer tincidunt ante vel ipsum.",4.0
573,469,426,501,Quisque ut erat.,0.4
574,470,428,502,"Fusce lacus purus, aliquet at, feugiat non, pretium quis, lectus.",1.1
575,472,433,504,Morbi quis tortor id nulla ultrices aliquet.,4.2
576,478,434,505,"Fusce lacus purus, aliquet at, feugiat non, pretium quis, lectus. Suspendisse potenti.",1.6
577,481,442,509,"Duis ac nibh. Fusce lacus purus, aliquet at, feugiat non, pretium quis, lectus.",4.9
578,483,445,512,Curabitur at ipsum ac tellus semper interdum. Mauris ullamcorper purus sit amet nulla.,4.1
579,484,448,519,Mauris sit amet eros.,0.6
580,486,451,520,"Nam ultrices, libero non mattis pulvinar, nulla pede ullamcorper augue, a suscipit nulla elit ac nulla.",4.8
581,491,455,523,"In est risus, auctor sed, tristique in, tempus sit amet, sem. Fusce consequat.",1.7
582,492,456,526,Praesent lectus.,3.4
583,493,460,527,"Nam ultrices, libero non mattis pulvinar, nulla pede ullamcorper augue, a suscipit nulla elit ac nulla.",0.4
584,496,465,528,Nunc rhoncus dui vel sem. Sed sagittis.,1.8
585,498,467,538,"Quisque arcu libero, rutrum ac, lobortis vel, dapibus at, diam.",3.3
586,501,468,540,Aliquam erat volutpat. In congue.,3.4
587,502,469,541,"Vivamus metus arcu, adipiscing molestie, hendrerit at, vulputate vitae, nisl.",2.2
588,506,470,543,"Lorem ipsum dolor sit amet, consectetuer adipiscing elit.",4.8
589,515,473,545,Duis at velit eu est congue elementum. In hac habitasse platea dictumst.,0.8
590,518,474,547,"Cras mi pede, malesuada in, imperdiet et, commodo vulputate, justo. In blandit ultrices enim.",2.8
591,520,475,551,Vivamus tortor.,3.2
592,521,476,554,Vivamus in felis eu sapien cursus vestibulum.,2.4
593,523,477,557,"Integer pede justo, lacinia eget, tincidunt eget, tempus vel, pede. Morbi porttitor lorem id ligula.",4.7
594,524,478,558,Nullam porttitor lacus at turpis. Donec posuere metus vitae ipsum.,3.4
595,525,482,560,Aenean fermentum. Donec ut mauris eget massa tempor convallis.,4.2
596,526,485,565,Vestibulum ante ipsum primis in faucibus orci luctus et ultrices posuere cubilia Curae; Mauris viverra diam vitae quam. Suspendisse potenti.,4.8
597,528,488,567,Etiam pretium iaculis justo.,1.1
598,529,491,569,Vivamus vestibulum sagittis sapien.,1.4
599,530,492,570,Integer ac neque. Duis bibendum.,2.0
600,531,493,574,"Duis ac nibh. Fusce lacus purus, aliquet at, feugiat non, pretium quis, lectus.",3.6
601,534,494,579,"Nulla neque libero, convallis eget, eleifend luctus, ultricies eu, nibh.",0.7
602,537,495,580,"Integer aliquet, massa id lobortis convallis, tortor risus dapibus augue, vel accumsan tellus nisi eu orci.",2.9
603,541,496,582,Nulla nisl.,4.6
604,542,498,583,"Morbi quis tortor id nulla ultrices aliquet. Maecenas leo odio, condimentum id, luctus nec, molestie sed, justo.",2.5
605,544,503,584,Donec ut dolor. Morbi vel lectus in quam fringilla rhoncus.,2.6
606,551,504,589,"Morbi sem mauris, laoreet ut, rhoncus aliquet, pulvinar sed, nisl.",2.3
607,552,505,592,Nulla facilisi. Cras non velit nec nisi vulputate nonummy.,5.0
608,554,506,598,Vestibulum sed magna at nunc commodo placerat.,3.1
609,560,509,599,Maecenas tincidunt lacus at velit. Vivamus vel nulla eget eros elementum pellentesque.,3.1
610,561,512,603,Maecenas ut massa quis augue luctus tincidunt.,2.1
611,562,514,605,"Nulla ac enim. In tempor, turpis nec euismod scelerisque, quam turpis adipiscing lorem, vitae mattis nibh ligula nec sem.",1.8
612,567,518,608,"Morbi sem mauris, laoreet ut, rhoncus aliquet, pulvinar sed, nisl. Nunc rhoncus dui vel sem.",2.6
613,568,519,610,Maecenas rhoncus aliquam lacus. Morbi quis tortor id nulla ultrices aliquet.,0.1
614,569,521,612,"Vivamus vestibulum sagittis sapien. Cum sociis natoque penatibus et magnis dis parturient montes, nascetur ridiculus mus.",3.7
615,571,523,613,"Fusce lacus purus, aliquet at, feugiat non, pretium quis, lectus. Suspendisse potenti.",4.4
616,575,526,614,"In est risus, auctor sed, tristique in, tempus sit amet, sem. Fusce consequat.",1.8
617,578,527,615,Vestibulum ac est lacinia nisi venenatis tristique.,1.7
618,579,531,617,Vestibulum ante ipsum primis in faucibus orci luctus et ultrices posuere cubilia Curae; Duis faucibus accumsan odio. Curabitur convallis.,2.8
619,580,533,619,Sed ante.,4.6
620,582,534,620,Morbi non quam nec dui luctus rutrum.,2.3
621,583,535,624,Vestibulum ante ipsum primis in faucibus orci luctus et ultrices posuere cubilia Curae; Nulla dapibus dolor vel est.,1.5
622,584,536,625,Nullam molestie nibh in lectus. Pellentesque at nulla.,3.1
623,585,537,628,Morbi ut odio.,0.8
624,590,541,632,In blandit ultrices enim.,0.2
625,593,545,633,Donec vitae nisi.,3.0
626,594,550,634,Suspendisse potenti. In eleifend quam a odio.,1.5
627,596,551,635,Donec ut dolor. Morbi vel lectus in quam fringilla rhoncus.,1.3
628,603,554,637,"Lorem ipsum dolor sit amet, consectetuer adipiscing elit.",1.0
629,606,556,638,"Lorem ipsum dolor sit amet, consectetuer adipiscing elit. Proin risus.",3.3
630,608,559,640,Donec ut mauris eget massa tempor convallis.,0.5
631,609,560,649,Maecenas tincidunt lacus at velit.,3.1
632,611,562,650,"Suspendisse ornare consequat lectus. In est risus, auctor sed, tristique in, tempus sit amet, sem.",4.8
633,613,563,653,"Vestibulum ante ipsum primis in faucibus orci luctus et ultrices posuere cubilia Curae; Donec pharetra, magna vestibulum aliquet ultrices, erat tortor sollicitudin mi, sit amet lobortis sapien sapien non mi. Integer ac neque.",3.8
634,614,565,657,Ut at dolor quis odio consequat varius.,1.2
635,622,570,659,Quisque id justo sit amet sapien dignissim vestibulum.,4.6
636,623,571,661,Quisque id justo sit amet sapien dignissim vestibulum.,0.3
637,630,573,663,Pellentesque at nulla. Suspendisse potenti.,4.4
638,633,574,664,"Fusce posuere felis sed lacus. Morbi sem mauris, laoreet ut, rhoncus aliquet, pulvinar sed, nisl.",1.8
639,634,575,670,Vestibulum ante ipsum primis in faucibus orci luctus et ultrices posuere cubilia Curae; Mauris viverra diam vitae quam.,3.9
640,640,576,675,Morbi quis tortor id nulla ultrices aliquet.,1.8
641,641,578,676,"In hac habitasse platea dictumst. Aliquam augue quam, sollicitudin vitae, consectetuer eget, rutrum at, lorem.",1.2
642,643,581,677,Maecenas pulvinar lobortis est.,4.8
643,646,584,680,"Nam dui. Proin leo odio, porttitor id, consequat in, consequat ut, nulla.",2.2
644,649,585,683,Vestibulum ante ipsum primis in faucibus orci luctus et ultrices posuere cubilia Curae; Mauris viverra diam vitae quam. Suspendisse potenti.,4.5
645,652,588,690,"Vestibulum quam sapien, varius ut, blandit non, interdum in, ante. Vestibulum ante ipsum primis in faucibus orci luctus et ultrices posuere cubilia Curae; Duis faucibus accumsan odio.",1.8
646,653,590,693,Nulla suscipit ligula in lacus. Curabitur at ipsum ac tellus semper interdum.,0.7
647,655,592,695,Curabitur gravida nisi at nibh.,4.2
648,662,593,696,Donec dapibus. Duis at velit eu est congue elementum.,3.7
649,663,598,697,Quisque id justo sit amet sapien dignissim vestibulum. Vestibulum ante ipsum primis in faucibus orci luctus et ultrices posuere cubilia Curae; Nulla dapibus dolor vel est.,0.0
650,667,602,700,Vivamus vel nulla eget eros elementum pellentesque. Quisque porta volutpat erat.,1.0
651,668,603,706,In congue. Etiam justo.,3.6
652,670,615,711,Etiam faucibus cursus urna.,0.9
653,672,616,713,Morbi a ipsum.,2.6
654,674,617,714,"Morbi vel lectus in quam fringilla rhoncus. Mauris enim leo, rhoncus sed, vestibulum sit amet, cursus id, turpis.",3.1
655,677,618,715,Praesent blandit lacinia erat. Vestibulum sed magna at nunc commodo placerat.,1.8
656,679,622,727,Curabitur gravida nisi at nibh. In hac habitasse platea dictumst.,0.1
657,682,624,728,Aliquam sit amet diam in magna bibendum imperdiet.,2.5
658,683,625,730,"Lorem ipsum dolor sit amet, consectetuer adipiscing elit.",0.1
659,684,629,738,Duis aliquam convallis nunc. Proin at turpis a pede posuere nonummy.,1.3
660,686,630,741,Nullam molestie nibh in lectus. Pellentesque at nulla.,1.5
661,690,635,744,"Maecenas leo odio, condimentum id, luctus nec, molestie sed, justo. Pellentesque viverra pede ac diam.",4.6
662,693,637,746,"Donec diam neque, vestibulum eget, vulputate ut, ultrices vel, augue.",0.1
663,695,639,747,Quisque id justo sit amet sapien dignissim vestibulum.,1.1
664,696,642,749,Praesent lectus.,3.1
665,697,643,754,Vivamus in felis eu sapien cursus vestibulum. Proin eu mi.,1.5
666,699,645,757,"Integer non velit. Donec diam neque, vestibulum eget, vulputate ut, ultrices vel, augue.",2.1
667,701,653,759,Nullam porttitor lacus at turpis.,4.2
668,704,654,760,Maecenas tincidunt lacus at velit. Vivamus vel nulla eget eros elementum pellentesque.,3.3
669,705,655,762,Proin risus. Praesent lectus.,1.3
670,708,656,763,Nulla tellus.,1.9
671,710,658,764,"Vestibulum ac est lacinia nisi venenatis tristique. Fusce congue, diam id ornare imperdiet, sapien urna pretium nisl, ut volutpat sapien arcu sed augue.",0.4
672,712,661,766,Mauris sit amet eros. Suspendisse accumsan tortor quis turpis.,3.9
673,715,664,768,Suspendisse potenti.,4.2
674,717,665,769,Integer a nibh. In quis justo.,1.4
675,719,669,771,Mauris lacinia sapien quis libero.,1.5
676,720,670,776,"Lorem ipsum dolor sit amet, consectetuer adipiscing elit. Proin interdum mauris non ligula pellentesque ultrices.",3.4
677,721,671,779,Pellentesque at nulla.,0.7
678,722,672,780,"Morbi odio odio, elementum eu, interdum eu, tincidunt in, leo.",2.7
679,727,677,785,"Vestibulum quam sapien, varius ut, blandit non, interdum in, ante.",1.6
680,728,681,789,Morbi non lectus. Aliquam sit amet diam in magna bibendum imperdiet.,0.0
681,729,683,796,Vestibulum ante ipsum primis in faucibus orci luctus et ultrices posuere cubilia Curae; Mauris viverra diam vitae quam.,4.7
682,732,684,800,Maecenas rhoncus aliquam lacus. Morbi quis tortor id nulla ultrices aliquet.,1.9
683,733,686,802,Nam nulla.,4.7
684,734,687,803,"Lorem ipsum dolor sit amet, consectetuer adipiscing elit. Proin risus.",3.9
685,736,689,804,Sed ante. Vivamus tortor.,0.9
686,737,690,805,Integer ac leo. Pellentesque ultrices mattis odio.,4.5
687,738,695,806,Aliquam non mauris.,1.8
688,743,701,808,Duis bibendum.,4.4
689,747,702,811,Duis bibendum. Morbi non quam nec dui luctus rutrum.,1.2
690,748,706,814,"Cum sociis natoque penatibus et magnis dis parturient montes, nascetur ridiculus mus. Vivamus vestibulum sagittis sapien.",4.3
691,752,708,817,Donec posuere metus vitae ipsum. Aliquam non mauris.,4.6
692,755,709,822,"Integer pede justo, lacinia eget, tincidunt eget, tempus vel, pede.",2.7
693,758,711,825,"Donec odio justo, sollicitudin ut, suscipit a, feugiat et, eros. Vestibulum ac est lacinia nisi venenatis tristique.",4.1
694,759,712,826,Aliquam non mauris. Morbi non lectus.,0.9
695,761,713,827,"Cras mi pede, malesuada in, imperdiet et, commodo vulputate, justo.",1.2
696,763,715,830,Morbi a ipsum.,0.4
697,765,719,833,"Morbi quis tortor id nulla ultrices aliquet. Maecenas leo odio, condimentum id, luctus nec, molestie sed, justo.",0.8
698,768,721,843,Cras non velit nec nisi vulputate nonummy. Maecenas tincidunt lacus at velit.,2.7
699,770,726,844,Etiam vel augue. Vestibulum rutrum rutrum neque.,5.0
700,771,732,845,Sed vel enim sit amet nunc viverra dapibus. Nulla suscipit ligula in lacus.,3.7
701,773,735,848,Maecenas pulvinar lobortis est. Phasellus sit amet erat.,4.9
702,775,736,849,"Nam congue, risus semper porta volutpat, quam pede lobortis ligula, sit amet eleifend pede libero quis orci. Nullam molestie nibh in lectus.",3.1
703,776,738,850,Suspendisse accumsan tortor quis turpis.,2.4
704,779,739,851,Donec semper sapien a libero.,2.1
705,780,741,852,Pellentesque eget nunc. Donec quis orci eget orci vehicula condimentum.,1.4
706,786,742,854,"Duis bibendum, felis sed interdum venenatis, turpis enim blandit mi, in porttitor pede justo eu massa.",1.5
707,789,744,855,Nulla mollis molestie lorem. Quisque ut erat.,2.8
708,790,745,856,Sed vel enim sit amet nunc viverra dapibus.,0.9
709,792,746,859,Maecenas pulvinar lobortis est. Phasellus sit amet erat.,2.9
710,797,755,863,Mauris ullamcorper purus sit amet nulla.,1.0
711,803,756,864,"Aliquam sit amet diam in magna bibendum imperdiet. Nullam orci pede, venenatis non, sodales sed, tincidunt eu, felis.",4.3
712,804,757,865,Fusce consequat. Nulla nisl.,4.3
713,806,759,878,Nullam molestie nibh in lectus. Pellentesque at nulla.,4.9
714,812,760,881,"Proin leo odio, porttitor id, consequat in, consequat ut, nulla.",0.0
715,816,763,883,Mauris lacinia sapien quis libero. Nullam sit amet turpis elementum ligula vehicula consequat.,0.5
716,819,764,884,Nunc rhoncus dui vel sem. Sed sagittis.,1.3
717,820,770,885,"Duis bibendum, felis sed interdum venenatis, turpis enim blandit mi, in porttitor pede justo eu massa. Donec dapibus.",2.6
718,827,781,887,"Aliquam augue quam, sollicitudin vitae, consectetuer eget, rutrum at, lorem. Integer tincidunt ante vel ipsum.",0.5
719,828,785,888,"Cras pellentesque volutpat dui. Maecenas tristique, est et tempus semper, est quam pharetra magna, ac consequat metus sapien ut nunc.",2.2
720,831,786,891,Duis consequat dui nec nisi volutpat eleifend.,3.3
721,834,789,892,Integer ac neque.,0.0
722,835,796,893,Pellentesque at nulla.,4.3
723,837,797,896,"In hac habitasse platea dictumst. Aliquam augue quam, sollicitudin vitae, consectetuer eget, rutrum at, lorem.",4.1
724,838,799,897,Praesent lectus.,0.5
725,844,800,898,"Suspendisse ornare consequat lectus. In est risus, auctor sed, tristique in, tempus sit amet, sem.",1.8
726,845,801,901,"Vivamus metus arcu, adipiscing molestie, hendrerit at, vulputate vitae, nisl.",2.3
727,846,804,903,"In hac habitasse platea dictumst. Aliquam augue quam, sollicitudin vitae, consectetuer eget, rutrum at, lorem.",1.6
728,848,805,904,Vestibulum ante ipsum primis in faucibus orci luctus et ultrices posuere cubilia Curae; Duis faucibus accumsan odio. Curabitur convallis.,1.9
729,855,806,905,Vestibulum ac est lacinia nisi venenatis tristique.,0.9
730,856,810,906,Nunc purus. Phasellus in felis.,1.6
731,857,816,910,In sagittis dui vel nisl.,0.9
732,861,820,912,"Vestibulum ante ipsum primis in faucibus orci luctus et ultrices posuere cubilia Curae; Donec pharetra, magna vestibulum aliquet ultrices, erat tortor sollicitudin mi, sit amet lobortis sapien sapien non mi.",4.2
733,862,822,917,"Aliquam sit amet diam in magna bibendum imperdiet. Nullam orci pede, venenatis non, sodales sed, tincidunt eu, felis.",4.5
734,864,823,918,Nunc rhoncus dui vel sem.,3.3
735,865,825,919,Proin eu mi. Nulla ac enim.,3.5
736,868,826,920,Fusce consequat.,2.2
737,869,828,922,Nam nulla.,2.0
738,873,830,924,Aenean lectus. Pellentesque eget nunc.,3.0
739,874,832,928,Nullam varius. Nulla facilisi.,3.0
740,875,833,929,"Vestibulum quam sapien, varius ut, blandit non, interdum in, ante.",1.1
741,876,836,930,Donec ut dolor.,0.5
742,878,840,932,In congue.,4.5
743,879,842,933,Praesent lectus.,4.9
744,885,846,939,Sed ante. Vivamus tortor.,2.9
745,888,847,942,"Lorem ipsum dolor sit amet, consectetuer adipiscing elit. Proin interdum mauris non ligula pellentesque ultrices.",0.9
746,889,853,943,Pellentesque viverra pede ac diam.,2.8
747,892,857,944,Suspendisse potenti.,1.3
748,893,860,945,Morbi ut odio.,3.0
749,894,862,948,Morbi non quam nec dui luctus rutrum.,3.0
750,897,865,950,Vivamus vel nulla eget eros elementum pellentesque.,0.4
751,900,866,955,Aenean auctor gravida sem. Praesent id massa id nisl venenatis lacinia.,1.7
752,905,876,957,Cras non velit nec nisi vulputate nonummy.,1.2
753,906,879,962,"Nulla neque libero, convallis eget, eleifend luctus, ultricies eu, nibh. Quisque id justo sit amet sapien dignissim vestibulum.",3.5
754,912,880,963,Sed accumsan felis.,2.5
755,914,881,965,"Maecenas tristique, est et tempus semper, est quam pharetra magna, ac consequat metus sapien ut nunc.",3.8
756,918,883,969,"Duis bibendum, felis sed interdum venenatis, turpis enim blandit mi, in porttitor pede justo eu massa.",3.4
757,920,887,970,"Maecenas tristique, est et tempus semper, est quam pharetra magna, ac consequat metus sapien ut nunc. Vestibulum ante ipsum primis in faucibus orci luctus et ultrices posuere cubilia Curae; Mauris viverra diam vitae quam.",3.3
758,923,890,973,Nam dui.,3.3
759,925,893,974,"In hac habitasse platea dictumst. Aliquam augue quam, sollicitudin vitae, consectetuer eget, rutrum at, lorem.",2.2
760,928,894,978,"In hac habitasse platea dictumst. Aliquam augue quam, sollicitudin vitae, consectetuer eget, rutrum at, lorem.",0.8
761,929,896,980,"Quisque erat eros, viverra eget, congue eget, semper rutrum, nulla.",4.4
762,931,900,981,"Vestibulum ante ipsum primis in faucibus orci luctus et ultrices posuere cubilia Curae; Nulla dapibus dolor vel est. Donec odio justo, sollicitudin ut, suscipit a, feugiat et, eros.",3.8
763,932,906,983,"In hac habitasse platea dictumst. Morbi vestibulum, velit id pretium iaculis, diam erat fermentum justo, nec condimentum neque sapien placerat ante.",1.6
764,934,909,992,Etiam justo.,2.6
765,939,912,999,Sed accumsan felis. Ut at dolor quis odio consequat varius.,1.0
766,940,914,2,Nulla tempus.,2.4
767,941,916,3,Donec quis orci eget orci vehicula condimentum.,3.1
768,944,920,5,Suspendisse potenti.,0.7
769,945,923,6,Aliquam erat volutpat. In congue.,2.9
770,946,926,9,Vestibulum rutrum rutrum neque.,0.7
771,947,927,10,Pellentesque at nulla.,2.7
772,948,930,11,Pellentesque eget nunc. Donec quis orci eget orci vehicula condimentum.,3.6
773,950,933,12,Aenean fermentum.,4.4
774,951,934,18,Suspendisse potenti.,4.5
775,954,935,20,"Mauris ullamcorper purus sit amet nulla. Quisque arcu libero, rutrum ac, lobortis vel, dapibus at, diam.",4.1
776,955,936,21,In eleifend quam a odio. In hac habitasse platea dictumst.,3.8
777,957,941,26,Pellentesque ultrices mattis odio. Donec vitae nisi.,3.7
778,959,942,27,Aliquam erat volutpat.,3.3
779,960,943,28,Suspendisse accumsan tortor quis turpis. Sed ante.,0.4
780,963,956,31,Phasellus id sapien in sapien iaculis congue.,1.7
781,965,966,32,Vestibulum ante ipsum primis in faucibus orci luctus et ultrices posuere cubilia Curae; Duis faucibus accumsan odio. Curabitur convallis.,4.9
782,967,967,33,"Aliquam augue quam, sollicitudin vitae, consectetuer eget, rutrum at, lorem.",4.2
783,970,973,35,"Donec vitae nisi. Nam ultrices, libero non mattis pulvinar, nulla pede ullamcorper augue, a suscipit nulla elit ac nulla.",2.1
784,973,974,36,Fusce consequat. Nulla nisl.,1.5
785,975,975,37,"Quisque arcu libero, rutrum ac, lobortis vel, dapibus at, diam.",3.5
786,977,978,38,"Nam ultrices, libero non mattis pulvinar, nulla pede ullamcorper augue, a suscipit nulla elit ac nulla. Sed vel enim sit amet nunc viverra dapibus.",3.7
787,979,980,42,Nunc rhoncus dui vel sem. Sed sagittis.,4.7
788,982,982,45,"Cras in purus eu magna vulputate luctus. Cum sociis natoque penatibus et magnis dis parturient montes, nascetur ridiculus mus.",2.6
789,988,985,46,"Aliquam sit amet diam in magna bibendum imperdiet. Nullam orci pede, venenatis non, sodales sed, tincidunt eu, felis.",2.3
790,990,986,49,Praesent lectus.,2.6
791,991,992,50,Nulla justo.,3.7
792,992,993,52,Nulla tempus.,4.2
793,995,995,54,In congue. Etiam justo.,0.9
794,998,996,55,Suspendisse accumsan tortor quis turpis. Sed ante.,3.9
795,7,998,56,Cras non velit nec nisi vulputate nonummy.,2.8
796,8,1,57,Proin at turpis a pede posuere nonummy.,0.5
797,10,5,58,Quisque ut erat. Curabitur gravida nisi at nibh.,2.2
798,11,18,61,Vivamus vel nulla eget eros elementum pellentesque. Quisque porta volutpat erat.,2.9
799,13,19,62,Sed vel enim sit amet nunc viverra dapibus. Nulla suscipit ligula in lacus.,0.8
800,15,20,63,Donec semper sapien a libero.,2.9
801,21,21,65,Praesent id massa id nisl venenatis lacinia.,4.4
802,22,22,66,Proin at turpis a pede posuere nonummy.,4.6
803,25,26,68,"In est risus, auctor sed, tristique in, tempus sit amet, sem. Fusce consequat.",0.1
804,27,27,71,Vestibulum sed magna at nunc commodo placerat.,2.5
805,28,28,75,Nulla mollis molestie lorem. Quisque ut erat.,1.3
806,30,30,78,Morbi quis tortor id nulla ultrices aliquet.,2.2
807,32,35,79,"Fusce congue, diam id ornare imperdiet, sapien urna pretium nisl, ut volutpat sapien arcu sed augue.",4.9
808,34,36,80,Phasellus in felis.,1.6
809,41,41,82,Nulla ut erat id mauris vulputate elementum. Nullam varius.,3.8
810,44,43,83,Maecenas ut massa quis augue luctus tincidunt. Nulla mollis molestie lorem.,0.9
811,45,47,87,"Proin leo odio, porttitor id, consequat in, consequat ut, nulla. Sed accumsan felis.",4.0
812,46,48,88,Aliquam quis turpis eget elit sodales scelerisque. Mauris sit amet eros.,2.3
813,51,52,92,Curabitur convallis.,4.1
814,52,55,93,Fusce posuere felis sed lacus.,0.3
815,53,56,94,Maecenas tincidunt lacus at velit. Vivamus vel nulla eget eros elementum pellentesque.,1.8
816,55,57,96,Aenean lectus. Pellentesque eget nunc.,4.3
817,58,58,102,"Morbi sem mauris, laoreet ut, rhoncus aliquet, pulvinar sed, nisl. Nunc rhoncus dui vel sem.",1.7
818,59,61,104,Phasellus sit amet erat. Nulla tempus.,1.9
819,60,62,107,Vestibulum ante ipsum primis in faucibus orci luctus et ultrices posuere cubilia Curae; Duis faucibus accumsan odio. Curabitur convallis.,3.3
820,61,63,110,"Fusce congue, diam id ornare imperdiet, sapien urna pretium nisl, ut volutpat sapien arcu sed augue.",4.3
821,70,67,111,Nulla tempus. Vivamus in felis eu sapien cursus vestibulum.,0.6
822,72,71,112,Curabitur convallis.,3.6
823,74,72,117,"Lorem ipsum dolor sit amet, consectetuer adipiscing elit. Proin risus.",0.0
824,75,74,126,Integer tincidunt ante vel ipsum.,3.1
825,76,76,128,Proin risus. Praesent lectus.,0.4
826,85,77,129,Aenean auctor gravida sem.,2.7
827,86,79,133,"Mauris ullamcorper purus sit amet nulla. Quisque arcu libero, rutrum ac, lobortis vel, dapibus at, diam.",5.0
828,88,80,135,Sed accumsan felis.,4.4
829,92,81,136,Cras in purus eu magna vulputate luctus.,4.7
830,93,84,140,Maecenas tincidunt lacus at velit.,3.8
831,94,85,142,Maecenas pulvinar lobortis est. Phasellus sit amet erat.,1.2
832,95,86,143,In quis justo. Maecenas rhoncus aliquam lacus.,3.0
833,96,87,145,Morbi non lectus. Aliquam sit amet diam in magna bibendum imperdiet.,5.0
834,97,88,148,"Cras mi pede, malesuada in, imperdiet et, commodo vulputate, justo.",2.6
835,100,91,151,Aenean auctor gravida sem. Praesent id massa id nisl venenatis lacinia.,2.1
836,105,94,154,Praesent blandit.,4.1
837,107,95,162,"In blandit ultrices enim. Lorem ipsum dolor sit amet, consectetuer adipiscing elit.",4.5
838,110,98,164,Proin at turpis a pede posuere nonummy.,3.4
839,111,101,167,"In hac habitasse platea dictumst. Morbi vestibulum, velit id pretium iaculis, diam erat fermentum justo, nec condimentum neque sapien placerat ante.",0.6
840,115,108,168,Quisque porta volutpat erat.,2.4
841,116,111,170,In quis justo.,2.2
842,118,112,173,Donec dapibus. Duis at velit eu est congue elementum.,3.4
843,120,114,178,"In hac habitasse platea dictumst. Morbi vestibulum, velit id pretium iaculis, diam erat fermentum justo, nec condimentum neque sapien placerat ante.",0.2
844,121,119,179,Morbi non lectus. Aliquam sit amet diam in magna bibendum imperdiet.,0.7
845,123,121,183,"Cum sociis natoque penatibus et magnis dis parturient montes, nascetur ridiculus mus.",3.3
846,128,124,185,"In est risus, auctor sed, tristique in, tempus sit amet, sem.",4.7
847,129,127,189,Praesent id massa id nisl venenatis lacinia.,1.5
848,131,132,191,Maecenas pulvinar lobortis est.,4.9
849,137,133,193,Nulla facilisi.,0.9
850,140,134,194,Morbi non lectus.,2.5
851,144,135,195,"Vestibulum ante ipsum primis in faucibus orci luctus et ultrices posuere cubilia Curae; Nulla dapibus dolor vel est. Donec odio justo, sollicitudin ut, suscipit a, feugiat et, eros.",4.5
852,145,139,196,Maecenas tincidunt lacus at velit.,3.7
853,148,140,200,"Mauris ullamcorper purus sit amet nulla. Quisque arcu libero, rutrum ac, lobortis vel, dapibus at, diam.",0.6
854,151,143,204,Curabitur at ipsum ac tellus semper interdum. Mauris ullamcorper purus sit amet nulla.,2.3
855,157,145,207,Nulla ut erat id mauris vulputate elementum.,4.2
856,158,146,210,"In tempor, turpis nec euismod scelerisque, quam turpis adipiscing lorem, vitae mattis nibh ligula nec sem.",0.8
857,160,147,211,"Donec ut mauris eget massa tempor convallis. Nulla neque libero, convallis eget, eleifend luctus, ultricies eu, nibh.",1.5
858,162,151,216,Vestibulum ante ipsum primis in faucibus orci luctus et ultrices posuere cubilia Curae; Mauris viverra diam vitae quam. Suspendisse potenti.,1.0
859,169,152,217,"Suspendisse ornare consequat lectus. In est risus, auctor sed, tristique in, tempus sit amet, sem.",2.8
860,171,153,220,"Cum sociis natoque penatibus et magnis dis parturient montes, nascetur ridiculus mus.",2.7
861,172,154,224,Phasellus in felis. Donec semper sapien a libero.,0.2
862,175,155,226,Proin risus.,3.7
863,179,156,228,"Nam congue, risus semper porta volutpat, quam pede lobortis ligula, sit amet eleifend pede libero quis orci.",4.4
864,181,159,231,Duis mattis egestas metus. Aenean fermentum.,2.2
865,184,162,232,Sed accumsan felis.,1.5
866,186,165,234,Nunc rhoncus dui vel sem.,1.6
867,187,168,238,Maecenas rhoncus aliquam lacus.,3.9
868,188,169,242,Praesent id massa id nisl venenatis lacinia.,1.8
869,189,171,244,"Fusce posuere felis sed lacus. Morbi sem mauris, laoreet ut, rhoncus aliquet, pulvinar sed, nisl.",1.1
870,193,172,246,Maecenas pulvinar lobortis est. Phasellus sit amet erat.,1.9
871,195,173,247,"Vestibulum ante ipsum primis in faucibus orci luctus et ultrices posuere cubilia Curae; Nulla dapibus dolor vel est. Donec odio justo, sollicitudin ut, suscipit a, feugiat et, eros.",2.8
872,199,176,248,Donec semper sapien a libero. Nam dui.,2.9
873,200,177,250,Donec quis orci eget orci vehicula condimentum.,2.1
874,202,178,251,Nullam porttitor lacus at turpis. Donec posuere metus vitae ipsum.,4.2
875,203,180,252,In congue. Etiam justo.,2.3
876,206,181,254,Morbi porttitor lorem id ligula. Suspendisse ornare consequat lectus.,4.5
877,208,182,256,Sed sagittis.,0.2
878,209,184,258,Sed sagittis.,4.5
879,210,186,261,Vestibulum sed magna at nunc commodo placerat.,3.6
880,212,189,262,Integer tincidunt ante vel ipsum.,2.9
881,213,191,264,Cras pellentesque volutpat dui.,3.1
882,214,193,265,Aliquam erat volutpat. In congue.,1.4
883,217,199,266,Etiam justo. Etiam pretium iaculis justo.,3.1
884,218,201,267,Proin interdum mauris non ligula pellentesque ultrices. Phasellus id sapien in sapien iaculis congue.,3.5
885,219,204,269,Nulla mollis molestie lorem. Quisque ut erat.,3.7
886,220,208,270,"In hac habitasse platea dictumst. Morbi vestibulum, velit id pretium iaculis, diam erat fermentum justo, nec condimentum neque sapien placerat ante.",4.8
887,222,213,272,Ut at dolor quis odio consequat varius. Integer ac leo.,3.9
888,223,214,277,Proin interdum mauris non ligula pellentesque ultrices. Phasellus id sapien in sapien iaculis congue.,4.6
889,226,215,280,Duis consequat dui nec nisi volutpat eleifend.,2.8
890,227,219,287,Nulla tempus. Vivamus in felis eu sapien cursus vestibulum.,3.0
891,237,221,288,Morbi porttitor lorem id ligula.,2.1
892,240,222,289,"Sed sagittis. Nam congue, risus semper porta volutpat, quam pede lobortis ligula, sit amet eleifend pede libero quis orci.",0.8
893,242,224,290,Fusce posuere felis sed lacus.,3.4
894,244,225,294,Nullam varius. Nulla facilisi.,4.2
895,246,227,295,Praesent lectus.,2.6
896,250,233,297,Mauris sit amet eros. Suspendisse accumsan tortor quis turpis.,1.6
897,251,234,298,Integer ac neque. Duis bibendum.,4.5
898,252,235,299,"Mauris enim leo, rhoncus sed, vestibulum sit amet, cursus id, turpis. Integer aliquet, massa id lobortis convallis, tortor risus dapibus augue, vel accumsan tellus nisi eu orci.",4.5
899,254,239,307,"Lorem ipsum dolor sit amet, consectetuer adipiscing elit.",3.7
900,255,243,309,Curabitur convallis.,3.9
901,257,244,312,Quisque ut erat.,1.4
902,260,247,314,"Fusce posuere felis sed lacus. Morbi sem mauris, laoreet ut, rhoncus aliquet, pulvinar sed, nisl.",1.4
903,263,248,315,Duis ac nibh.,2.6
904,267,254,316,"Quisque arcu libero, rutrum ac, lobortis vel, dapibus at, diam.",1.5
905,268,255,320,Proin risus.,5.0
906,270,259,322,Aenean fermentum.,2.6
907,275,261,324,Ut tellus. Nulla ut erat id mauris vulputate elementum.,4.7
908,279,263,330,Sed vel enim sit amet nunc viverra dapibus. Nulla suscipit ligula in lacus.,2.1
909,281,264,334,Aenean lectus. Pellentesque eget nunc.,0.5
910,282,265,335,Nam dui.,5.0
911,285,268,339,Sed vel enim sit amet nunc viverra dapibus. Nulla suscipit ligula in lacus.,4.5
912,287,270,344,"Nam ultrices, libero non mattis pulvinar, nulla pede ullamcorper augue, a suscipit nulla elit ac nulla. Sed vel enim sit amet nunc viverra dapibus.",3.3
913,293,271,347,"Quisque erat eros, viverra eget, congue eget, semper rutrum, nulla. Nunc purus.",2.6
914,295,283,348,Aliquam quis turpis eget elit sodales scelerisque. Mauris sit amet eros.,4.5
915,298,286,349,In hac habitasse platea dictumst.,4.9
916,299,287,350,Vivamus tortor.,3.6
917,301,288,355,Duis ac nibh.,3.0
918,304,295,356,Duis aliquam convallis nunc. Proin at turpis a pede posuere nonummy.,1.4
919,309,296,358,Aliquam non mauris. Morbi non lectus.,0.0
920,312,302,360,Aenean lectus.,0.6
921,313,306,361,"Quisque erat eros, viverra eget, congue eget, semper rutrum, nulla. Nunc purus.",4.7
922,316,307,364,Ut tellus. Nulla ut erat id mauris vulputate elementum.,0.3
923,320,310,369,Nullam varius. Nulla facilisi.,0.2
924,321,317,372,Aenean fermentum. Donec ut mauris eget massa tempor convallis.,3.1
925,333,318,375,"Nunc nisl. Duis bibendum, felis sed interdum venenatis, turpis enim blandit mi, in porttitor pede justo eu massa.",1.5
926,336,322,376,Praesent blandit lacinia erat.,5.0
927,337,327,378,Pellentesque eget nunc. Donec quis orci eget orci vehicula condimentum.,1.6
928,338,330,383,Phasellus sit amet erat. Nulla tempus.,0.7
929,339,331,385,Quisque ut erat. Curabitur gravida nisi at nibh.,3.3
930,340,337,386,"Donec ut mauris eget massa tempor convallis. Nulla neque libero, convallis eget, eleifend luctus, ultricies eu, nibh.",2.2
931,342,338,387,Vivamus in felis eu sapien cursus vestibulum.,3.9
932,348,339,397,Nulla facilisi.,1.0
933,350,343,399,"Cum sociis natoque penatibus et magnis dis parturient montes, nascetur ridiculus mus.",2.3
934,351,344,400,Pellentesque viverra pede ac diam. Cras pellentesque volutpat dui.,1.8
935,352,350,401,Aenean fermentum. Donec ut mauris eget massa tempor convallis.,0.8
936,353,351,403,Ut tellus.,0.5
937,354,352,412,Sed sagittis.,1.6
938,355,355,416,Nulla tempus. Vivamus in felis eu sapien cursus vestibulum.,4.6
939,358,358,417,Aenean lectus.,1.1
940,359,359,421,Sed accumsan felis. Ut at dolor quis odio consequat varius.,3.4
941,360,360,423,Phasellus id sapien in sapien iaculis congue.,2.1
942,367,361,425,Nullam molestie nibh in lectus. Pellentesque at nulla.,4.1
943,368,364,427,"Lorem ipsum dolor sit amet, consectetuer adipiscing elit.",1.3
944,369,365,428,Aliquam non mauris.,0.0
945,370,368,432,Donec semper sapien a libero.,1.4
946,373,372,435,Praesent blandit. Nam nulla.,4.3
947,377,377,436,In hac habitasse platea dictumst. Etiam faucibus cursus urna.,0.5
948,386,378,437,Donec semper sapien a libero. Nam dui.,3.3
949,387,379,441,Nulla mollis molestie lorem.,0.4
950,388,380,443,"Vestibulum ac est lacinia nisi venenatis tristique. Fusce congue, diam id ornare imperdiet, sapien urna pretium nisl, ut volutpat sapien arcu sed augue.",2.6
951,389,382,447,"Nam dui. Proin leo odio, porttitor id, consequat in, consequat ut, nulla.",0.3
952,391,387,448,"Donec odio justo, sollicitudin ut, suscipit a, feugiat et, eros.",4.2
953,397,389,449,Sed ante.,4.8
954,401,395,452,Maecenas tincidunt lacus at velit. Vivamus vel nulla eget eros elementum pellentesque.,4.8
955,410,396,454,Ut at dolor quis odio consequat varius. Integer ac leo.,2.3
956,411,403,460,In hac habitasse platea dictumst.,0.2
957,415,407,462,"Vestibulum ante ipsum primis in faucibus orci luctus et ultrices posuere cubilia Curae; Nulla dapibus dolor vel est. Donec odio justo, sollicitudin ut, suscipit a, feugiat et, eros.",1.2
958,416,408,466,Vivamus in felis eu sapien cursus vestibulum.,2.6
959,418,412,469,"Donec diam neque, vestibulum eget, vulputate ut, ultrices vel, augue. Vestibulum ante ipsum primis in faucibus orci luctus et ultrices posuere cubilia Curae; Donec pharetra, magna vestibulum aliquet ultrices, erat tortor sollicitudin mi, sit amet lobortis sapien sapien non mi.",3.9
960,419,416,473,Maecenas ut massa quis augue luctus tincidunt. Nulla mollis molestie lorem.,3.6
961,420,418,474,Nulla justo. Aliquam quis turpis eget elit sodales scelerisque.,3.6
962,421,423,477,Vestibulum sed magna at nunc commodo placerat.,4.5
963,422,424,485,"Mauris ullamcorper purus sit amet nulla. Quisque arcu libero, rutrum ac, lobortis vel, dapibus at, diam.",1.8
964,426,425,490,Aliquam sit amet diam in magna bibendum imperdiet.,3.4
965,439,426,491,Praesent id massa id nisl venenatis lacinia.,4.9
966,443,434,492,Duis mattis egestas metus. Aenean fermentum.,0.3
967,454,438,493,Proin interdum mauris non ligula pellentesque ultrices. Phasellus id sapien in sapien iaculis congue.,1.5
968,458,443,497,"Donec odio justo, sollicitudin ut, suscipit a, feugiat et, eros.",4.5
969,467,445,499,Duis mattis egestas metus.,0.6
970,469,446,500,"Duis bibendum, felis sed interdum venenatis, turpis enim blandit mi, in porttitor pede justo eu massa.",1.9
971,470,447,502,"Morbi sem mauris, laoreet ut, rhoncus aliquet, pulvinar sed, nisl.",3.0
972,474,448,504,In hac habitasse platea dictumst.,4.4
973,476,451,505,"In blandit ultrices enim. Lorem ipsum dolor sit amet, consectetuer adipiscing elit.",0.2
974,481,452,507,Donec semper sapien a libero. Nam dui.,4.1
975,482,454,510,Integer ac neque.,2.0
976,483,455,514,Curabitur at ipsum ac tellus semper interdum.,4.2
977,485,456,515,Vestibulum ac est lacinia nisi venenatis tristique.,1.8
978,489,457,519,"Lorem ipsum dolor sit amet, consectetuer adipiscing elit.",4.5
979,495,458,520,"Morbi vel lectus in quam fringilla rhoncus. Mauris enim leo, rhoncus sed, vestibulum sit amet, cursus id, turpis.",1.7
980,497,465,523,Donec quis orci eget orci vehicula condimentum. Curabitur in libero ut massa volutpat convallis.,3.7
981,499,467,524,Ut at dolor quis odio consequat varius. Integer ac leo.,4.5
982,503,468,529,Aenean auctor gravida sem.,0.1
983,504,470,531,"Vestibulum quam sapien, varius ut, blandit non, interdum in, ante.",3.7
984,505,472,538,Ut tellus. Nulla ut erat id mauris vulputate elementum.,2.6
985,508,473,540,Curabitur convallis.,2.8
986,509,476,542,Curabitur gravida nisi at nibh. In hac habitasse platea dictumst.,4.6
987,512,477,544,Phasellus in felis.,0.9
988,514,480,545,"Nullam orci pede, venenatis non, sodales sed, tincidunt eu, felis.",1.4
989,515,481,546,Nulla suscipit ligula in lacus.,4.6
990,517,482,547,"Cum sociis natoque penatibus et magnis dis parturient montes, nascetur ridiculus mus.",2.1
991,524,483,548,"Integer pede justo, lacinia eget, tincidunt eget, tempus vel, pede.",2.3
992,527,488,549,Vestibulum ante ipsum primis in faucibus orci luctus et ultrices posuere cubilia Curae; Mauris viverra diam vitae quam.,2.6
993,528,492,550,Quisque ut erat.,2.5
994,529,493,552,Suspendisse accumsan tortor quis turpis.,1.8
995,530,499,555,Maecenas pulvinar lobortis est. Phasellus sit amet erat.,0.4
996,532,500,556,"Curabitur in libero ut massa volutpat convallis. Morbi odio odio, elementum eu, interdum eu, tincidunt in, leo.",4.0
997,534,501,559,"Fusce posuere felis sed lacus. Morbi sem mauris, laoreet ut, rhoncus aliquet, pulvinar sed, nisl.",2.2
998,544,502,561,Aliquam sit amet diam in magna bibendum imperdiet.,3.3
999,548,510,562,Aliquam non mauris.,2.5
1000,551,511,564,Curabitur in libero ut massa volutpat convallis.,2.9
