id_fournisseur,nom,ville,pays,telephone,mail
1,Hoppe-Bartoletti,Karawatung,Indonesia,0934423957,dbaptie0@goo.ne.jp
2,Kemmer-Ledner,Lamalewo,Indonesia,0878470192,sdaunter1@linkedin.com
3,"Rowe, Jones and McClure",Oudtshoorn,South Africa,0875796492,wdurdle2@thetimes.co.uk
4,Quigley Inc,Düsseldorf,Germany,0968265659,vdumbare3@nydailynews.com
5,"Grimes, Kuhic and Swaniawski",Stanišić,Serbia,0733596817,jjoynes4@dailymail.co.uk
6,Kertzmann-Willms,Grazhdanka,Russia,0849378609,mpreble5@myspace.com
7,Lind LLC,Ashchysay,Kazakhstan,0832292104,bjerdon6@yahoo.com
8,McGlynn-Abshire,Katyuzhanka,Ukraine,0900142001,tconers7@livejournal.com
9,Connelly Group,Baiquan,China,0904113648,roulet8@dedecms.com
10,Herzog-O'Connell,Mansa,Zambia,0790918124,jsteele9@msn.com
11,"Pollich, Smith and Willms",Pará de Minas,Brazil,0777558603,bthallera@smh.com.au
12,"Borer, Jones and Herzog",Borovo,Bulgaria,0608059825,ihalfordb@tripod.com
13,Larson-Watsica,Chenglin,China,0739319619,phundalc@un.org
14,"Turcotte, Rodriguez and Emmerich",Al Mālikīyah,Syria,0857752094,shassalld@dell.com
15,"Huel, Botsford and McGlynn",Palumbungan,Indonesia,0986934198,bandrivele@scribd.com
16,Kris-McDermott,Terek,Russia,0912080565,lforlongef@delicious.com
17,VonRueden Group,Guanchao,China,0826133906,fprettejohnsg@cafepress.com
18,"Maggio, Upton and Wilkinson",Tucupita,Venezuela,0778538835,rfautlyh@huffingtonpost.com
19,Thiel Inc,Xingyi,China,0925419071,mkitchingmani@hexun.com
20,Reynolds Inc,Yiliu,China,0954059809,rshwennj@addthis.com
21,Smith Inc,Karafao,Indonesia,0146123789,kgwinnettk@reuters.com
22,Fritsch Inc,Minggang,China,0931408600,agostagel@jugem.jp
23,Bode-Windler,Khun Han,Thailand,0791337676,ksartenm@cloudflare.com
24,Torp Group,Antiguo Cuscatlán,El Salvador,0860810486,jmownen@disqus.com
25,"Hansen, Hermann and Parker",Īz̄eh,Iran,0982198568,jeglaiseo@ibm.com
26,Heaney-Stoltenberg,Voyskovitsy,Russia,0880795053,lgreaderp@pagesperso-orange.fr
27,"Weimann, Cummings and Block",Qingyang,China,0991308173,dgoldringq@artisteer.com
28,Robel Group,Karlovy Vary,Czech Republic,0170403142,tmosbyr@skype.com
29,Ziemann Inc,Milove,Ukraine,0922229843,ldowerss@ebay.co.uk
30,Kuphal-Osinski,Nanxia,China,0862482936,lwynnet@upenn.edu
31,"Oberbrunner, Shanahan and Leuschke",Hefei,China,0797574562,bbrechu@wordpress.com
32,Zboncak LLC,Brusyanka,Russia,0772754392,ldampierv@altervista.org
33,"Pagac, Thompson and Brakus",Kostryzhivka,Ukraine,0924042923,ldobinsonw@opera.com
34,"Wolf, Casper and Brown",Cijapar,Indonesia,0914916998,sibbersonx@spiegel.de
35,Harris Group,Moa,Cuba,0952160506,bpullmany@trellian.com
36,Gorczany-Schinner,Sukadami,Indonesia,0875729970,aandryushinz@livejournal.com
37,Russel Group,Szeged,Hungary,0946934477,esalmon10@sphinn.com
38,Stoltenberg LLC,Khān Neshīn,Afghanistan,0953109340,dludwig11@google.ru
39,Kozey-Little,Setanggor,Indonesia,0638533023,scastelain12@ovh.net
40,Herzog Group,Taiyang,China,0936568193,kradmer13@slideshare.net
41,"Carter, Osinski and Rau",Neuilly-sur-Seine,France,0105979987,kmcgloin14@msu.edu
42,Kling Inc,San Diego,United States,0887365055,rbickerdike15@zdnet.com
43,Funk Group,Karlstad,Sweden,0914219064,emacknight16@booking.com
44,"Kerluke, Welch and Mosciski",Cibenda,Indonesia,0977425858,ckingsly17@jugem.jp
45,Fisher Inc,Luga,Russia,0826651309,mrattrie18@mit.edu
46,Haag-Dooley,Lakeland,United States,0951746735,cstallebrass19@constantcontact.com
47,Treutel-Bernhard,Jiujie,China,0953322335,npoat1a@123-reg.co.uk
48,"Rowe, Johnston and Smitham",Aktau,Kazakhstan,0801480641,vmoyle1b@census.gov
49,Schmidt LLC,Halle,Germany,0808351670,aprene1c@un.org
50,Nicolas Inc,Bang Pahan,Thailand,0943491581,slovat1d@friendfeed.com
51,Dickens-Hettinger,Luchenza,Malawi,0957162831,jfew1e@dedecms.com
52,Schinner Inc,Muxagata,Portugal,0788611817,evigneron1f@skyrock.com
53,"Kiehn, Fadel and Luettgen",Pambuhan,Philippines,0951347796,nroskruge1g@booking.com
54,"Senger, McKenzie and Mayer",Chikeng,China,0948553012,wyanez1h@nyu.edu
55,"Klocko, McDermott and Dickens",Gonghe,China,0926016325,acobby1i@bloglines.com
56,Swaniawski-Rolfson,Moravský Písek,Czech Republic,0945186823,bflaverty1j@livejournal.com
57,"Rath, Rosenbaum and Maggio",Báguanos,Cuba,0184781849,nharewood1k@arstechnica.com
58,Kshlerin Group,Gaojia,China,0920864512,hsmyth1l@trellian.com
59,Botsford-Runolfsdottir,Feodosiya,Ukraine,0725590214,jrois1m@youtube.com
60,"Corwin, Leannon and Larson",Feni,Bangladesh,0800129226,btilsley1n@google.co.uk
61,"McGlynn, Hagenes and Kirlin",Shahre Jadide Andisheh,Iran,0821551813,rpryde1o@narod.ru
62,"Ortiz, Hegmann and Schinner",Piedecuesta,Colombia,0916166765,kpriestley1p@un.org
63,Hirthe LLC,Vaughan,Canada,0791342401,ajoyson1q@youtu.be
64,Bednar-Rau,Aveiras de Cima,Portugal,0796633998,hkoppe1r@omniture.com
65,Abernathy-Bechtelar,Sambongpari,Indonesia,0882910987,gblackhall1s@sciencedirect.com
66,Kessler and Sons,Malārd,Iran,0911313406,dshemmin1t@paginegialle.it
67,McCullough-Hodkiewicz,Ditang,China,0815711124,asodo1u@blogspot.com
68,Stamm Group,Oymak,China,0919425207,nfawdrey1v@tiny.cc
69,Nikolaus-Moen,Longquan,China,0772673538,mbrownlow1w@dot.gov
70,Sanford-Gutkowski,Yaring,Thailand,0611729729,msheere1x@paginegialle.it
71,Purdy-Ward,Zumiao,China,0126691578,kwrack1y@plala.or.jp
72,Gorczany Group,Aravissós,Greece,0985606359,cespadas1z@twitter.com
73,"Bode, Berge and Sawayn",Merida,Philippines,0771689567,rfurby20@clickbank.net
74,Ward and Sons,Rocky Mountain House,Canada,0767177890,arossant21@prnewswire.com
75,Dietrich-Feil,Emmaboda,Sweden,0987157857,bgoodee22@utexas.edu
76,Hodkiewicz-Bartell,Hurghada,Egypt,0911086809,fberndsen23@umn.edu
77,Feil-Miller,Valença,Brazil,0930578023,agayton24@bbc.co.uk
78,Ebert-Carter,Nīkêh,Afghanistan,0670746533,cgoldie25@histats.com
79,Shanahan Inc,Rushankou,China,0660027449,tmounsey26@shareasale.com
80,"Rowe, Jerde and Feest",Al Fūlah,Sudan,0628919180,erizon27@wikimedia.org
81,Gorczany Group,Jiapeng,China,0908175893,rmallia28@geocities.jp
82,Quitzon Group,Cergy-Pontoise,France,0969259902,mvogele29@adobe.com
83,Schultz LLC,Youxikou,China,0768009024,mdooman2a@about.com
84,"Jacobs, Schoen and Hegmann",Mahanoro,Madagascar,0986199687,tdunklee2b@hibu.com
85,"Lowe, Hahn and Rolfson",Berlin,Germany,0860289729,msnazel2c@twitpic.com
86,Emmerich-Connelly,La Clotilde,Argentina,0939801325,ccovely2d@paypal.com
87,Dickens-Schroeder,Milotice,Czech Republic,0864101860,hlunn2e@edublogs.org
88,Barrows-Tromp,Huangzhuang,China,0752789244,jprestage2f@reddit.com
89,"Mohr, Donnelly and Grady",Peace River,Canada,0983906217,spetrakov2g@psu.edu
90,Bednar-Parker,Guararapes,Brazil,0933253398,cfaulkener2h@woothemes.com
91,"Ferry, Howell and Wuckert",Bambuí,Brazil,0873731298,lchanter2i@rakuten.co.jp
92,"Ernser, Maggio and Pfeffer",Vide,Portugal,0772914346,kbauer2j@devhub.com
93,Stokes and Sons,Solna,Sweden,0948538128,echomicz2k@bloomberg.com
94,Tillman-Koelpin,Casa Quemada,Honduras,0128794071,mmeach2l@census.gov
95,Baumbach-Schmidt,Ghormach,Afghanistan,0888830637,aarmand2m@freewebs.com
96,"Schinner, Luettgen and Schamberger",Tanbuqiao,China,0942968024,apound2n@ihg.com
97,"Kilback, Johns and Legros",Cristalina,Brazil,0945114979,tllywarch2o@bloglines.com
98,"Ratke, Conroy and Spencer",Capas,Philippines,0774407187,rarington2p@tuttocitta.it
99,Mraz-Durgan,Lianhe,China,0825406030,tgreensmith2q@sakura.ne.jp
100,Quigley Group,Salt Lake City,United States,0974925845,alau2r@zdnet.com
101,"Koss, Vandervort and Lowe",Loureiro,Portugal,0973289344,esleeman2s@ibm.com
102,"Mayert, Reichert and Dicki",Jawhar,Somalia,0930733281,gmaclise2t@google.com.br
103,Konopelski-MacGyver,Langtad,Philippines,0997378749,pspoor2u@4shared.com
104,"Huel, Mueller and Nienow",Gamay,Philippines,0978787424,skestian2v@japanpost.jp
105,Bradtke Group,Thị Trấn Yên Châu,Vietnam,0638404511,jdrohane2w@newsvine.com
106,Kilback-Rice,Odeleite,Portugal,0804236734,rbirchett2x@trellian.com
107,Bayer Inc,Aquidauana,Brazil,0746811619,ncaulton2y@hugedomains.com
108,"Ryan, Gerhold and Vandervort",Žirovnica,Slovenia,0991611086,fattarge2z@hp.com
109,Schneider-Schmidt,Selasari,Indonesia,0693371932,rhankin30@constantcontact.com
110,Beier-Reynolds,Kandana,Sri Lanka,0978825395,csleeford31@yellowpages.com
111,Kling-Wuckert,Hyrynsalmi,Finland,0928764226,pmcelmurray32@free.fr
112,"Emard, Dickens and Schinner",Brignoles,France,0984724078,alabadini33@wikimedia.org
113,Purdy Group,Seredka,Russia,0652379349,sreihm34@npr.org
114,"Jacobson, Heller and Schimmel",Nytva,Russia,0752589707,cfurst35@wordpress.org
115,"Keeling, Sanford and Ullrich",Haoxinying,China,0854311947,gmeadmore36@fema.gov
116,"Walter, Wyman and Stokes",Písečná,Czech Republic,0982686161,lpietruszka37@chicagotribune.com
117,Kuhn-Stanton,Jimusa’er,China,0153075847,sgrennan38@taobao.com
118,Wyman Group,Horten,Norway,0968593593,vhenrot39@networkadvertising.org
119,Turcotte Group,Sida,Thailand,0801481933,dhairon3a@cdc.gov
120,Rowe and Sons,Hāla,Pakistan,0827656047,mjoynson3b@arizona.edu
121,"Langosh, Bauch and Price",Ceadîr-Lunga,Moldova,0701120171,abuglar3c@buzzfeed.com
122,Koepp Group,Khairpur,Pakistan,0997728636,peberst3d@chron.com
123,Mraz LLC,Timur,Indonesia,0928124557,acorsham3e@ovh.net
124,Rempel-Lueilwitz,Progreso,Peru,0675070274,sbains3f@taobao.com
125,Carter Group,Calumpit,Philippines,0797263240,nrickets3g@baidu.com
126,Koelpin-Breitenberg,Zhangjiapan,China,0971660233,bmeak3h@g.co
127,"Fisher, Hammes and Heidenreich",Dafengdui,China,0642353752,lworkes3i@shop-pro.jp
128,Hauck Inc,Changzheng,China,0960339432,mstigger3j@ted.com
129,Sauer-Hahn,Baruny,Belarus,0964842456,llarrett3k@gmpg.org
130,"Wisoky, Hoeger and Keeling",Khalopyenichy,Belarus,0848069591,bcollingwood3l@aboutads.info
131,Purdy-Haag,Doko,Indonesia,0791036613,lellerker3m@redcross.org
132,Russel-Treutel,Nunmanu,Indonesia,0919815000,vmaccartair3n@behance.net
133,Hills-Franecki,Ustupo,Panama,0955882842,ckos3o@wiley.com
134,Walter and Sons,Sindangrasa,Indonesia,0936751402,smitcheson3p@bing.com
135,"Ullrich, Conn and Wiza",Libu,China,0813755232,atournie3q@myspace.com
136,Waters-Gulgowski,Horana South,Sri Lanka,0874955354,rklass3r@hubpages.com
137,Wunsch-Prosacco,Łobez,Poland,0722608240,tellwand3s@netscape.com
138,Carter-Mann,Carolina,Colombia,0979432526,msiddall3t@addthis.com
139,Senger and Sons,Englewood,United States,0912670450,lfines3u@sphinn.com
140,Feeney and Sons,Renhe,China,0155570561,rproudlove3v@booking.com
141,Carroll Group,Orléans,France,0105681455,nespinel3w@mozilla.org
142,Harber Inc,Mhlume,Swaziland,0890051838,lickovic3x@cornell.edu
143,Kulas Inc,Pasłęk,Poland,0703388159,mgusney3y@hatena.ne.jp
144,"Boyle, Bernier and Murphy",Azueira,Portugal,0904286610,ccoker3z@ocn.ne.jp
145,Crist-Cummerata,Berlin,Germany,0888425795,coverell40@posterous.com
146,Johns and Sons,Tsovazard,Armenia,0853910127,qolechnowicz41@smugmug.com
147,Daugherty Inc,Guancangping,China,0620889658,pfarnaby42@vistaprint.com
148,Cassin LLC,Panadtaban,Philippines,0912408862,sadenot43@dailymail.co.uk
149,Purdy-Littel,Guandu,China,0650334452,spittel44@google.cn
150,Schmitt Group,Helvecia,Argentina,0767155681,cwyrill45@pen.io
151,Abbott-Konopelski,Rousínov,Czech Republic,0821658292,acurrell46@europa.eu
152,Kub Inc,Ganjiachang,China,0994440948,cshephard47@nifty.com
153,Stroman-Orn,Forninho,Portugal,0804311649,mrevel48@nba.com
154,Harber LLC,Eucaliptus,Bolivia,0951145293,nbeneze49@discuz.net
155,"Beer, Fay and Quitzon",Belverde,Portugal,0159049225,aconklin4a@ca.gov
156,"Stark, Marquardt and Friesen",Kladanj,Bosnia and Herzegovina,0901164459,bscarff4b@noaa.gov
157,"Dibbert, Kreiger and Auer",Digah,Azerbaijan,0917869818,tbustard4c@infoseek.co.jp
158,Mann-Kuphal,Leon,Spain,0923594454,sbeeson4d@amazonaws.com
159,"Fritsch, Heaney and West",Seres,Philippines,0989299941,jmartignon4e@europa.eu
160,Cremin Group,Kalinovskaya,Russia,0953911135,tsimanek4f@washington.edu
161,Kertzmann-Hintz,Araguaína,Brazil,0920825659,gcapron4g@shutterfly.com
162,Metz-Bode,Ploso Wetan,Indonesia,0922432010,gmacdermot4h@usnews.com
163,"Labadie, Predovic and Buckridge",Koudougou,Burkina Faso,0971335188,pkunat4i@blogs.com
164,Hayes-DuBuque,Nakhon Pathom,Thailand,0946038698,gbrewett4j@sciencedirect.com
165,Padberg and Sons,Ježdovec,Croatia,0973427636,cference4k@ftc.gov
166,"Trantow, Bahringer and Graham",Boto,Indonesia,0949040027,mcoolbear4l@amazon.de
167,D'Amore-Legros,Erfangping,China,0872649132,abryan4m@epa.gov
168,Wilkinson-Macejkovic,Anabar,Nauru,0913589313,fjolin4n@reverbnation.com
169,Johnston-Roberts,Lexington,United States,0827460485,epennings4o@ed.gov
170,Metz-Lakin,Pingdingshan,China,0934853871,wstannering4p@imgur.com
171,"Quitzon, Wunsch and Prohaska",Ar Ramāḑīn,Palestinian Territory,0979945406,eisakovitch4q@myspace.com
172,Keebler LLC,Saint-Sauveur,Canada,0994267201,csuckling4r@ning.com
173,O'Kon-McLaughlin,Valencia,Philippines,0960979582,dradbourne4s@myspace.com
174,O'Kon LLC,Rongxing,China,0865507374,schicken4t@bluehost.com
175,"Lowe, O'Keefe and Prohaska",Negeriagung,Indonesia,0124304962,cslisby4u@economist.com
176,"Torp, Becker and Tillman",Petroúpolis,Greece,0938134410,wdobkin4v@ted.com
177,Torp-Bailey,Yajiwa,Nigeria,0176047543,jgile4w@miitbeian.gov.cn
178,Rippin and Sons,Bourges,France,0828816460,ibungey4x@ameblo.jp
179,"Moen, D'Amore and Gorczany",Lammi,Finland,0805892683,amonnery4y@squidoo.com
180,Heidenreich-Hyatt,Nyazura,Zimbabwe,0987492258,cchazelas4z@diigo.com
181,Williamson Inc,Glotovka,Russia,0976763815,ablackden50@cnet.com
182,Morissette-Hilpert,Novi Slankamen,Serbia,0197738225,mmcmaster51@wikia.com
183,"Monahan, Abshire and Gulgowski",Chekmagush,Russia,0899046897,vwaszczykowski52@prlog.org
184,Haley Group,Carlos Casares,Argentina,0723347615,hsandbatch53@google.com.au
185,"Abernathy, Ritchie and Halvorson",Zaandam,Netherlands,0994378009,tbeen54@oracle.com
186,Renner-Harris,Al Wajh,Saudi Arabia,0915459898,hsecombe55@shareasale.com
187,Hagenes-Buckridge,Katumba,Tanzania,0914732324,itroyes56@phpbb.com
188,Conroy Group,Npongge,Indonesia,0912344537,abellard57@domainmarket.com
189,"Rowe, Carroll and Gutmann",Vrbno pod Pradědem,Czech Republic,0913006035,awhittlesea58@msu.edu
190,"Altenwerth, Armstrong and Spinka",Xiping,China,0931808205,mfeore59@free.fr
191,"Bogisich, Legros and Lind",Fosses,France,0819040545,jdysert5a@bing.com
192,Hessel-Effertz,Sharga,Mongolia,0868567363,cscarrott5b@pcworld.com
193,Kertzmann-Brekke,Taozhuang,China,0664291084,pcheltnam5c@alibaba.com
194,"Heller, Waelchi and Reichert",Canggang,China,0952112227,ncarroll5d@census.gov
195,"McLaughlin, Hodkiewicz and Barton",Semang,Indonesia,0928223652,gmallard5e@usgs.gov
196,Hagenes and Sons,Quintão,Portugal,0855471356,kkemm5f@berkeley.edu
197,"Pfannerstill, O'Conner and Kirlin",Meilin,China,0988184159,jrichardeau5g@wordpress.com
198,Marquardt-Braun,Chornukhyne,Ukraine,0961686851,rhebbard5h@multiply.com
199,Macejkovic LLC,Cachón,Dominican Republic,0946283091,rcaldera5i@indiatimes.com
200,"Sipes, Balistreri and Conn",Paraty,Brazil,0911228047,kpikesley5j@google.com
201,"Runolfsson, Reichel and Kshlerin",Wengang,China,0960274967,npendall5k@xinhuanet.com
202,Tremblay-Keebler,Kopral,Indonesia,0826745703,zseeley5l@wix.com
203,"Parisian, Feest and Turcotte",Nyzhni Sirohozy,Ukraine,0929353101,kterzi5m@cdc.gov
204,"McClure, Jacobson and Wintheiser",Środa Wielkopolska,Poland,0809308712,rbuddell5n@ted.com
205,"Reynolds, Schuster and Dickinson",Gaoxiang,China,0907313180,dgreengrass5o@youtu.be
206,Von-Sawayn,Fovissste,Mexico,0737181667,tlinsley5p@tinypic.com
207,Swift LLC,Bełchatów,Poland,0882777967,cbernardino5q@hc360.com
208,Prohaska Inc,Yala,Thailand,0963663248,dwimpress5r@godaddy.com
209,Thompson-Terry,Wugui,China,0993780288,kabarrow5s@dion.ne.jp
210,"Wisoky, Dach and Corwin",Wichita,United States,0814839087,rashment5t@spotify.com
211,Gaylord LLC,Maketu,New Zealand,0696440527,dserck5u@typepad.com
212,Treutel-Ledner,Al Khirāb,Yemen,0974070216,mwelldrake5v@simplemachines.org
213,Fritsch and Sons,Ar Ramāḑīn,Palestinian Territory,0934091755,arobilart5w@time.com
214,"Braun, Larkin and Wolf",Libon,Philippines,0872568984,ltousy5x@bbb.org
215,Gutmann-Nikolaus,Xigaoshan,China,0943516707,egerbl5y@house.gov
216,Kshlerin LLC,Gaimán,Argentina,0994354289,vperello5z@sina.com.cn
217,Braun LLC,Jiangkou,China,0924840317,bandrich60@archive.org
218,Vandervort-Toy,Bīr Zayt,Palestinian Territory,0909445572,rsalery61@wordpress.com
219,Howe-Gerlach,Santo Domingo Oeste,Dominican Republic,0935131110,eroast62@biblegateway.com
220,Collins Group,Turbo,Colombia,0812918893,mmellows63@behance.net
221,Barrows-Hane,Fika,Nigeria,0606572078,abrockman64@harvard.edu
222,Skiles-Beatty,Asker,Norway,0759501125,tfaley65@deliciousdays.com
223,Cremin-Gislason,Citalahab,Indonesia,0903419295,svangiffen66@joomla.org
224,"Kiehn, Bergstrom and Goodwin",Kalí Vrýsi,Greece,0695820787,cbeyer67@economist.com
225,Prohaska and Sons,Safonovo,Russia,0943374837,cbarber68@ftc.gov
226,Flatley Inc,Auch,France,0886059294,dbalham69@meetup.com
227,"Schmeler, Ward and Prosacco",Karanggeneng,Indonesia,0905554056,hilliston6a@alexa.com
228,Hoeger-Kozey,Tha Ruea,Thailand,0910223309,gsheron6b@rediff.com
229,"Bergstrom, Schmitt and Ferry",Kaolinovo,Bulgaria,0981565473,tkonig6c@chronoengine.com
230,Sanford Group,Issy-les-Moulineaux,France,0717035152,ekurdani6d@1688.com
231,"Haag, Wolf and Runolfsson",Xinxian,China,0975413401,jboog6e@pcworld.com
232,Hackett-Jacobson,Al Jamīmah,Yemen,0966018334,kmorey6f@scientificamerican.com
233,"Howe, Lockman and Morar",Krajan Puger Wetan,Indonesia,0928158122,kpfeffer6g@pcworld.com
234,Brown Group,Zhujiang,China,0710281593,awelland6h@newsvine.com
235,"Tremblay, Ritchie and Feest",Tolkmicko,Poland,0659246470,jhintzer6i@seattletimes.com
236,Braun-Nolan,Beiyuan,China,0810516206,dbaxstair6j@thetimes.co.uk
237,Dicki Inc,Sundbyberg,Sweden,0984444083,lgrafom6k@cornell.edu
238,Schoen-Tremblay,Mont-Royal,Canada,0703633897,slawley6l@illinois.edu
239,Predovic-Koch,Kuvandyk,Russia,0192405717,cdainter6m@youku.com
240,"Balistreri, Homenick and Rodriguez",George Town,Bahamas,0808892838,dboulde6n@sakura.ne.jp
241,"Graham, Schneider and Von",Guishan,China,0801848585,jsivills6o@mail.ru
242,Johnston LLC,Lourdes,Philippines,0896787906,dpatrickson6p@nbcnews.com
243,"Fahey, McCullough and Hahn",Pivijay,Colombia,0779743369,ceverton6q@admin.ch
244,Dickinson-Rolfson,Huyuan,China,0824092941,mbrealey6r@feedburner.com
245,Conn and Sons,Norzagaray,Philippines,0924599449,belgy6s@fema.gov
246,Hirthe Inc,Tanjungbahagia,Indonesia,0157836141,gmenier6t@amazon.com
247,Padberg-Kunde,Nartkala,Russia,0988386115,bbahia6u@house.gov
248,"Koepp, Mayer and Will",Valdivia,Chile,0954165083,ggieves6v@ca.gov
249,Pouros LLC,Pirapo,Paraguay,0986318914,maccomb6w@cnn.com
250,"Larkin, McGlynn and Labadie",San Francisco,Philippines,0741757838,tsemple6x@oracle.com
251,"Feest, Stanton and Gottlieb",Ballisodare,Ireland,0932309454,egoady6y@photobucket.com
252,Murphy and Sons,Marxog,China,0964916459,jleemans6z@cyberchimps.com
253,"Schowalter, Klocko and Abshire",El Quetzal,Guatemala,0138688994,cmilham70@shinystat.com
254,"Sauer, Rolfson and Murray",L’vovskiy,Russia,0857491069,kbrewster71@economist.com
255,Schaden Group,Aghavnatun,Armenia,0744714647,gbrock72@furl.net
256,"Anderson, Bashirian and Rutherford",Bolgar,Russia,0625135573,pmckomb73@php.net
257,"Hickle, Macejkovic and Leuschke",Kitaibaraki,Japan,0951874648,lhartlebury74@mashable.com
258,Ferry-Schiller,Seseng,Indonesia,0918798016,rpankethman75@dell.com
259,Mertz-Farrell,Vukovar,Croatia,0822853530,acoast76@pbs.org
260,Ledner Inc,Partang,China,0934396252,bbraime77@bigcartel.com
261,"Runolfsdottir, Tremblay and Harris",Houzhen,China,0943083100,tsandle78@soundcloud.com
262,Douglas Inc,San Antonio,Peru,0949268111,blyttle79@issuu.com
263,Batz-Waters,Levallois-Perret,France,0963334263,dpressman7a@sphinn.com
264,"Schneider, Heidenreich and Sipes",Malārd,Iran,0983024751,dfedoronko7b@topsy.com
265,Johnston-Towne,Leer,South Sudan,0669662200,froussell7c@fc2.com
266,"Schroeder, Hills and Rau",Austin,United States,0928511791,acain7d@theglobeandmail.com
267,Pouros-Waters,Gurlan,Uzbekistan,0730396294,oiapico7e@marriott.com
268,Bernhard LLC,Dokolo,Uganda,0876759658,rbewicke7f@pinterest.com
269,"Hegmann, Wiza and Davis",Itápolis,Brazil,0960905587,eengelbrecht7g@wunderground.com
270,West-Kilback,Dashkawka,Belarus,0720665431,tbeeswing7h@unesco.org
271,Nikolaus-Harber,Golmud,China,0993363330,htregenna7i@sakura.ne.jp
272,Rowe-Ryan,Harjavalta,Finland,0605782651,lgabbitas7j@geocities.jp
273,Heller and Sons,Tabor,Slovenia,0647826673,mcaulier7k@qq.com
274,"Beer, Mertz and Abbott",Jarinu,Brazil,0976301798,kmewis7l@gov.uk
275,"Haag, Mitchell and Harber",Cunén,Guatemala,0780776344,llapsley7m@blogs.com
276,"Volkman, Jaskolski and VonRueden",Zengguang,China,0878538658,amccraine7n@forbes.com
277,Luettgen LLC,San Cristóbal Totonicapán,Guatemala,0804042600,lklimsch7o@artisteer.com
278,Stroman Inc,Jinfeng,China,0928128564,clidell7p@ycombinator.com
279,DuBuque Group,Marcq-en-Barœul,France,0987980232,sderisly7q@joomla.org
280,Jenkins-Bayer,Waiklibang,Indonesia,0987305769,cgell7r@mac.com
281,"Herzog, Hettinger and Torphy",Gukovo,Russia,0794277329,calvar7s@youtu.be
282,Steuber and Sons,Citeureup,Indonesia,0941056344,mmattioli7t@istockphoto.com
283,Bartoletti LLC,Paris 19,France,0872931873,hpepperill7u@nifty.com
284,Willms Inc,São Luís,Brazil,0982233584,schristopherson7v@indiatimes.com
285,"Williamson, Berge and Glover",Salitrillos,Costa Rica,0940604400,gdowdall7w@berkeley.edu
286,Brekke and Sons,Karangora,Indonesia,0751165593,msussams7x@howstuffworks.com
287,Romaguera-Zemlak,Stavanger,Norway,0842515474,scordero7y@ted.com
288,Rohan-O'Conner,Calilegua,Argentina,0925183573,plelande7z@miibeian.gov.cn
289,Mertz LLC,Nusajaya,Malaysia,0810934997,mkinsley80@flickr.com
290,Hackett and Sons,Leon,Spain,0104866340,nasplin81@topsy.com
291,Auer-Schumm,Valparaíso,Chile,0960742073,mdevote82@google.nl
292,Morissette-Wehner,Saint-Pierre-des-Corps,France,0177368124,dakam83@g.co
293,Simonis LLC,Wangba,China,0896138644,mpasso84@nasa.gov
294,Cremin Group,Sankeng,China,0880731800,hbronot85@jimdo.com
295,Carroll-Kshlerin,Zudun,China,0949746964,ldavydkov86@skyrock.com
296,"Swift, Wehner and Terry",Dalongzhan,China,0607802941,ikoene87@loc.gov
297,McGlynn LLC,Kéfalos,Greece,0910405646,cchurm88@weibo.com
298,Kihn-Deckow,San Francisco,Philippines,0812644925,rthoma89@hatena.ne.jp
299,Balistreri Group,Kafr Nubl,Syria,0970044548,ascott8a@usda.gov
300,Ferry Inc,Korfovskiy,Russia,0962558776,mjakab8b@slashdot.org
301,Padberg LLC,Gubuk Daya,Indonesia,0911211245,lstocks8c@stumbleupon.com
302,"Hickle, Shanahan and Littel",Termas de Río Hondo,Argentina,0851353231,nvalentinetti8d@go.com
303,Reinger Group,Zamoskvorech’ye,Russia,0962130032,rcicerone8e@gizmodo.com
304,"Kuhn, Brakus and Ratke",Đắk Hà,Vietnam,0951183863,lslisby8f@nyu.edu
305,"Towne, Maggio and Rath",Dmitrov,Russia,0861770343,wshewry8g@ca.gov
306,Bergstrom-Gleason,Jindou,China,0908217898,njefferys8h@tripod.com
307,Hayes-Gorczany,Bungursari,Indonesia,0996410306,ituke8i@webmd.com
308,Marks-Pacocha,Lučina,Czech Republic,0977985682,sduckhouse8j@123-reg.co.uk
309,O'Reilly and Sons,Dimovo,Bulgaria,0184955801,lroark8k@census.gov
310,Schumm Group,Tver,Russia,0898744523,csponer8l@jalbum.net
311,Flatley-Wolf,Proença-a-Nova,Portugal,0730392937,esavins8m@tripadvisor.com
312,Howell Inc,Blois,France,0951104555,bhewkin8n@shareasale.com
313,"Beier, Wehner and Gottlieb",Dalianwan,China,0171862328,acolbeck8o@unblog.fr
314,Hammes-Kerluke,Ledeunu,Indonesia,0961627641,wlammenga8p@4shared.com
315,Jenkins-Russel,Bakaran Kulon,Indonesia,0989237445,nzeplin8q@dell.com
316,Wehner and Sons,Chaoyang,China,0811201723,rnealon8r@msn.com
317,Bergnaum Inc,Venda,Portugal,0812260404,gtort8s@liveinternet.ru
318,Kuvalis-Fadel,Niverville,Canada,0908870162,mreddell8t@indiegogo.com
319,Howe Inc,La Ferté-Bernard,France,0912175806,jturney8u@go.com
320,"Parker, Langworth and Ernser",Cipinang,Indonesia,0932330733,edoughty8v@shareasale.com
321,Roberts Inc,Jinja,Uganda,0906125649,gtrowsdale8w@vkontakte.ru
322,Kerluke-Balistreri,Rumburk,Czech Republic,0849291127,dgeorgelin8x@youtube.com
323,Hamill-Schuster,Guidong Chengguanzhen,China,0858747415,mparkisson8y@geocities.com
324,"Hartmann, Gibson and Greenfelder",Ganping,China,0959760219,dbahl8z@vk.com
325,Blanda Inc,Figueiredo,Portugal,0996239313,jbulley90@ihg.com
326,"Maggio, Kuphal and Adams",Hrádek,Czech Republic,0869853022,lmoberley91@wufoo.com
327,Grady Inc,Selebi-Phikwe,Botswana,0889573123,vmacnamara92@redcross.org
328,Sauer Group,Bandarlampung,Indonesia,0163345929,mbillsberry93@freewebs.com
329,Schultz-Bogan,Larreynaga,Nicaragua,0922439520,gfrizzell94@msn.com
330,Hoppe-Connelly,Ādaži,Latvia,0957938628,rpamphilon95@weebly.com
331,Heller-Lemke,Nagrak,Indonesia,0665873737,adelaharpe96@ovh.net
332,"Wintheiser, Green and Parker",‘Aşīrah ash Shamālīyah,Palestinian Territory,0985564403,cmaher97@xing.com
333,"Kutch, O'Conner and Quigley",Grenoble,France,0919768642,nskeels98@clickbank.net
334,"Romaguera, Weber and Wehner",Grabów,Poland,0912626583,jvahey99@discuz.net
335,Feest-Goldner,Klagenfurt am Wörthersee,Austria,0790805927,cthurner9a@ezinearticles.com
336,Stiedemann-Reilly,Arcos,Brazil,0957458125,tdudeney9b@tuttocitta.it
337,"Cronin, Goldner and Feest",Bolkhov,Russia,0830180725,chold9c@devhub.com
338,"Konopelski, Strosin and Turcotte",Hamberang Sabrang,Indonesia,0947049596,chayball9d@sina.com.cn
339,"Schaefer, McGlynn and Heaney",Al Ma‘allā’,Yemen,0984434174,tbixley9e@princeton.edu
340,Erdman LLC,Fanzhuang,China,0912298797,jschops9f@youku.com
341,"Haley, Frami and Greenfelder",Kabaty,Poland,0888753837,jbanane9g@cmu.edu
342,"Bernhard, Reichel and Abbott",Borek Wielkopolski,Poland,0893610062,atarzey9h@mashable.com
343,Romaguera-Rolfson,Pengulu,Indonesia,0934788908,qsnartt9i@cocolog-nifty.com
344,Dickinson-Morissette,Gwangtan,South Korea,0802434626,hstanton9j@amazon.com
345,Brakus LLC,Aţ Ţafīlah,Jordan,0789773803,dfidock9k@examiner.com
346,"Franecki, Cronin and Homenick",Dimayon,Philippines,0914126270,scatmull9l@printfriendly.com
347,Cronin LLC,Gulou,China,0961147212,fglendza9m@craigslist.org
348,Labadie and Sons,Falun,Sweden,0938188966,twitherbed9n@google.fr
349,"Homenick, Altenwerth and Stroman",Heshang,China,0882185617,vfuidge9o@hostgator.com
350,Haley Inc,Żarki-Letnisko,Poland,0156633820,pkildea9p@dagondesign.com
351,"Daugherty, Wisozk and Jacobson",Kasaoka,Japan,0913997362,rbridgestock9q@amazon.co.uk
352,Bradtke-Beier,Wuyo,Nigeria,0855545561,mbumphrey9r@intel.com
353,"Johnson, Mayert and Schroeder",Philadelphia,United States,0814866759,cphelp9s@livejournal.com
354,Lowe-Wisozk,Kitapak,Philippines,0986116123,cguye9t@github.io
355,Schaefer-Bernhard,Changning,China,0997056869,lhearley9u@bravesites.com
356,Stehr Group,Kondrovo,Russia,0915550602,fcona9v@sohu.com
357,Kub Group,Yuecheng,China,0924814177,epawelczyk9w@dmoz.org
358,"Brakus, Dietrich and Emmerich",Zhongfang,China,0166847895,sgeach9x@ca.gov
359,"Emard, Walsh and Leffler",Sancti Spíritus,Cuba,0974063880,dloram9y@utexas.edu
360,Jacobi Group,Nanling,China,0786261058,ecarbonell9z@amazon.co.uk
361,"Gaylord, Hickle and Hahn",Beit Horon,Israel,0993381768,vaddinalla0@xing.com
362,Hand LLC,Malanów,Poland,0724742433,hcarnegya1@blogspot.com
363,"Wyman, Legros and Hoeger",Junik,Kosovo,0938796714,esmorfita2@t-online.de
364,Bayer LLC,Taibao,Taiwan,0849188714,gpicoppa3@angelfire.com
365,Dach-Emard,Ilebo,Democratic Republic of the Congo,0148896843,epageta4@jiathis.com
366,Becker and Sons,Trondheim,Norway,0872270731,fmustchina5@adobe.com
367,"Crona, Kulas and Block",Makhalino,Russia,0829207127,tcaullierea6@e-recht24.de
368,"Lemke, Sawayn and Johnston",Kotsyubyns’ke,Ukraine,0807117801,cklempkea7@baidu.com
369,Koepp Group,Juvisy-sur-Orge,France,0985921843,tpatinkina8@salon.com
370,Grimes Inc,Casilda,Argentina,0904345659,civanicheva9@wired.com
371,"Kutch, Wintheiser and Keebler",Barbudo,Portugal,0940034651,jmargettsaa@youtu.be
372,Sipes-Bergnaum,Ettal,Micronesia,0759724199,ntittab@weebly.com
373,Wisozk-Ratke,'s-Hertogenbosch,Netherlands,0158422661,dprettiac@squarespace.com
374,Lueilwitz-Bashirian,Hendala,Sri Lanka,0876130570,xbullarad@wunderground.com
375,"Rogahn, Strosin and Gleichner",Boro,Indonesia,0903845074,agarleeae@over-blog.com
376,"Kassulke, Gutmann and Lemke",Đắk Mil,Vietnam,0158117714,fgreenstedaf@jimdo.com
377,Keeling-VonRueden,Mont-Saint-Aignan,France,0633372140,temenyag@va.gov
378,"Macejkovic, Green and Zulauf",Lipnica,Poland,0941083783,sarmourah@timesonline.co.uk
379,"Ankunding, Waelchi and Lowe",Evijärvi,Finland,0978022114,cgaylerai@noaa.gov
380,Rolfson LLC,Daxing,China,0901795141,amoorsaj@mit.edu
381,"Mohr, Reilly and Hintz",Calingcuan,Philippines,0772262668,sfountianak@ed.gov
382,Schoen and Sons,Pallasca,Peru,0732607944,josgaral@webnode.com
383,Kuhn and Sons,Staraya Kupavna,Russia,0870807369,sgippesam@sfgate.com
384,"Schroeder, Kutch and Lynch",Araguaiana,Brazil,0942300958,atyhurstan@cloudflare.com
385,"Lueilwitz, Gerlach and Harris",Balong,Indonesia,0937239205,ltidburyao@dell.com
386,Macejkovic Group,El Paso,United States,0940360233,jaikettap@nhs.uk
387,Abbott-Hackett,Rennes,France,0721137743,cglazeraq@dot.gov
388,Wintheiser-Bogan,Nîmes,France,0935051079,ewondraschekar@google.de
389,"Schuppe, Batz and Hamill",Calancuasan Norte,Philippines,0640391780,asomesas@mayoclinic.com
390,"Torphy, Tillman and Kozey",Pleshanovo,Russia,0135010351,dsabbatierat@noaa.gov
391,Torphy-Jast,Mambago,Philippines,0916539515,rhanwayau@cdc.gov
392,"Bogan, King and Miller",Kajan,Albania,0869903714,ghunteav@cafepress.com
393,Schoen-Langosh,Boston,United States,0904768023,czumfeldeaw@timesonline.co.uk
394,Johnson and Sons,Teculután,Guatemala,0948755048,lburrax@furl.net
395,Conroy-Hirthe,Yartsevo,Russia,0737175971,ecollishaway@patch.com
396,"Hickle, Vandervort and Ward",Cliza,Bolivia,0823732833,fclucasaz@indiegogo.com
397,Herzog LLC,Fengtai,China,0177904830,cyesininb0@meetup.com
398,Schowalter-Vandervort,Pongkor,Indonesia,0664071322,rfeathersb1@bravesites.com
399,Bosco and Sons,Pisões,Portugal,0983736574,nnystromb2@shinystat.com
400,Kassulke Inc,Saint Louis,United States,0799206489,mspeddingb3@phpbb.com
401,Carroll-Ratke,Aḑ Ḑil‘,Yemen,0937016575,prownb4@symantec.com
402,Kirlin and Sons,Sundbyberg,Sweden,0944949900,rogilvieb5@jalbum.net
403,Romaguera-Herman,Lyon,France,0928872210,lbanfieldb6@cam.ac.uk
404,Ondricka-Welch,Jiefu,China,0885865795,chessentalerb7@newsvine.com
405,"Veum, Pagac and Kuhn",Tayu,Indonesia,0830364976,jattreedb8@tumblr.com
406,Crona Inc,Baimajing,China,0988366221,tcrossleyb9@nih.gov
407,Wehner LLC,Raleigh,United States,0164384554,bhandsba@reverbnation.com
408,Cummings-Gerhold,Pacajus,Brazil,0845308586,hmacmarcuisbb@gnu.org
409,Hegmann Group,Lyublino,Russia,0732373495,cbrumenbc@time.com
410,"Upton, Kirlin and McClure",Bograd,Russia,0884919026,edorbonbd@sogou.com
411,"Hartmann, Mueller and Parker",Gaoping,China,0926569801,ecleverbe@upenn.edu
412,Conroy LLC,Moss,Norway,0925330055,brealffbf@friendfeed.com
413,"Runolfsdottir, O'Conner and Breitenberg",Gunung Talang,Indonesia,0764636324,ttankusbg@nifty.com
414,Nolan-Murray,Bol,Chad,0937758691,ikarysbh@princeton.edu
415,Thiel-Schuppe,Jiyukou,China,0830758868,bcareswellbi@cisco.com
416,Franecki LLC,Fort Lauderdale,United States,0175684779,bbaddoebj@ucoz.ru
417,Harris-Greenholt,Picos,Brazil,0850120869,rmacauleybk@mysql.com
418,"Schowalter, Raynor and Cummerata",Weixing,China,0874129387,jfilyakovbl@friendfeed.com
419,Orn-Rippin,Jiahe,China,0904512873,cbenkobm@ox.ac.uk
420,"Gusikowski, Schultz and Mann",Ulaan-Uul,Mongolia,0943545668,aforlongebn@shinystat.com
421,"Crona, Kessler and Koch",Huasta,Peru,0176624233,lsteblesbo@i2i.jp
422,Nader LLC,Drakhtik,Armenia,0794966449,wguerreaubp@psu.edu
423,Leuschke-Daugherty,Angers,France,0812296619,ogouleybq@pagesperso-orange.fr
424,Schowalter Inc,Marseille,France,0993592713,dcohrsbr@infoseek.co.jp
425,Kirlin-O'Reilly,Xingfu,China,0787113662,nrollandbs@privacy.gov.au
426,Bauch and Sons,Pancol,Philippines,0929599233,jboffinbt@utexas.edu
427,Monahan and Sons,Ljukovo,Serbia,0914507086,xbagebu@umich.edu
428,"Price, Mertz and Grimes",Guariba,Brazil,0976108132,lzoellnerbv@indiegogo.com
429,"Reynolds, Mayert and Stoltenberg",Villa Florida,Paraguay,0937720106,tcreamenbw@naver.com
430,Medhurst-Batz,Nanzhao Chengguanzhen,China,0953535108,rheinekebx@pagesperso-orange.fr
431,Friesen LLC,Tojeira,Portugal,0924267805,rtoselandby@redcross.org
432,Strosin and Sons,Huangascar,Peru,0797255427,sricebz@nsw.gov.au
433,McGlynn and Sons,Santiago Puringla,Honduras,0788330093,estrotonec0@samsung.com
434,Ferry Inc,Bachok,Malaysia,0808087338,wreamanc1@tripadvisor.com
435,Lebsack-Graham,IJmuiden,Netherlands,0922482661,tstruttmanc2@cnn.com
436,"Oberbrunner, Luettgen and Gaylord",Usab,Philippines,0927873445,ojeansc3@tripod.com
437,Leffler Inc,Emiliano Zapata,Mexico,0722908942,gpiersonc4@list-manage.com
438,"Mayer, Waters and Daugherty",Arauca,Colombia,0972547044,rburnsallc5@cnbc.com
439,"Pacocha, Quitzon and Johnston",Xinjiang,China,0849908612,smyderscoughc6@alibaba.com
440,"Anderson, Hudson and McKenzie",Caidian,China,0776900448,pdaddowc7@mayoclinic.com
441,Gottlieb-Volkman,Shatalovo,Russia,0831427820,adaviddec8@lulu.com
442,"Hamill, Lehner and Quigley",Villa Elisa,Paraguay,0822427394,mmoulandc9@issuu.com
443,Anderson-Metz,Zuoxi,China,0974271717,agwinnca@reuters.com
444,Ernser LLC,Soanindrariny,Madagascar,0706626621,apitthamcb@flickr.com
445,"Nikolaus, Boyle and Fisher",Krasnosilka,Ukraine,0962747421,gfitzjohncc@comcast.net
446,Deckow-Thompson,Yangsan,South Korea,0939632100,blegioncd@washington.edu
447,Boyer LLC,Jiaqu,China,0973761053,bpucknellce@google.pl
448,McDermott-Leuschke,Pilar,Philippines,0793474066,kcarffcf@ucsd.edu
449,Maggio-Quitzon,Jiachuan,China,0892875672,aavarnecg@scientificamerican.com
450,Lynch Group,Maji,China,0140976091,ewestoffch@intel.com
451,Gislason-Hudson,Yashiga,China,0940830807,rgatemanci@google.com.br
452,"Lindgren, Beatty and Grady",Ivot,Russia,0799277442,wvanderweedenburgcj@jiathis.com
453,Von Inc,Neryungri,Russia,0959082659,erubroeck@quantcast.com
454,Beier Inc,Sapernoye,Russia,0910172038,msimmscl@amazon.co.uk
455,"Donnelly, Borer and Hegmann",Pisan,Indonesia,0920562936,sblackborocm@jiathis.com
456,"Schulist, West and Thiel",Columbus,United States,0994462333,mferaghcn@goodreads.com
457,Wolff-Rogahn,Youxikou,China,0951027041,kstawellco@creativecommons.org
458,Ullrich-Durgan,La Falda,Argentina,0806947160,mhartrightcp@artisteer.com
459,Labadie-Hand,Sinacaban,Philippines,0959721093,malejandrecq@odnoklassniki.ru
460,"Bartell, McCullough and Osinski",Port Antonio,Jamaica,0986163530,gtinmouthcr@dion.ne.jp
461,DuBuque LLC,São Miguel do Guamá,Brazil,0620679786,cupcraftcs@forbes.com
462,Gutkowski Group,Bordeaux,France,0720321231,acourtct@g.co
463,Denesik-Satterfield,Białaczów,Poland,0110488887,tatwoolcu@jigsy.com
464,"Medhurst, Bashirian and Sanford",Ranisoba,Indonesia,0832401027,vmckimcv@patch.com
465,Halvorson and Sons,Reitoca,Honduras,0980635185,halmeidacw@wordpress.org
466,Schulist-Schultz,Sinarwangi,Indonesia,0941688442,brathjencx@wikimedia.org
467,"Wyman, Schiller and Cole",Olbramovice,Czech Republic,0875760645,lthunderchiefcy@ibm.com
468,Tromp Inc,Tan Sum,Thailand,0199188964,wjudgkinscz@eepurl.com
469,"Predovic, Adams and Tromp",Ōhara,Japan,0826694694,bmahargd0@wired.com
470,"Labadie, Jakubowski and Gerhold",Gastoúni,Greece,0901395641,abonnysond1@issuu.com
471,Pollich and Sons,Mirandela,Portugal,0993460067,cmacclayd2@nationalgeographic.com
472,"Frami, Heller and Gottlieb",Limoges,France,0965455658,ahindmoord3@ted.com
473,Johnston-Smitham,Njivice,Croatia,0925611992,nmccoidd4@mapquest.com
474,Ferry and Sons,Shuizhai,China,0837284288,vloghand5@dmoz.org
475,Runte Inc,Slavs’ke,Ukraine,0987753490,mtennisond6@issuu.com
476,Wintheiser-Keeling,Châtellerault,France,0921799114,dfeatherstoned7@paypal.com
477,Hartmann-Schamberger,Antonio Toledo Corro,Mexico,0115270031,jmcgrieled8@nih.gov
478,Cormier-Deckow,Osiek nad Notecią,Poland,0887719502,abarribald9@photobucket.com
479,Jacobson Group,Mardakyany,Azerbaijan,0897760455,blaveryda@rambler.ru
480,Reichert LLC,Tver,Russia,0995873788,mdimicdb@sphinn.com
481,Carroll-Kris,Bambali,Gambia,0872158441,wwellendc@sourceforge.net
482,Towne-Von,Kněžpole,Czech Republic,0989528117,jconnardd@eventbrite.com
483,"Collier, Morar and Casper",General Luna,Philippines,0980137826,bpresideyde@ox.ac.uk
484,Bruen Inc,Marseille,France,0938882335,ebankdf@meetup.com
485,"Lowe, Grimes and Flatley",Bantengan,Indonesia,0917509379,wappledg@purevolume.com
486,"Bernhard, Barrows and Lindgren",Jiaoyang,China,0931502056,amothdh@techcrunch.com
487,"Rosenbaum, Emmerich and O'Conner",Alunda,Sweden,0937933842,bkinforthdi@nsw.gov.au
488,Grant-Kuvalis,Zapala,Argentina,0945974048,upriumdj@google.co.uk
489,Koepp Group,Palaiochóri,Greece,0971486009,mcarriagedk@wikispaces.com
490,"Bradtke, Bayer and Volkman",Guzhu,China,0935001680,ldawedl@smh.com.au
491,Johnson-Hamill,Budapest,Hungary,0926790443,bfulbrookdm@umn.edu
492,"Kuhlman, Haag and Spinka",Choroszcz,Poland,0160475872,jpamphilondn@hexun.com
493,"McLaughlin, Berge and Moore",Nagrog,Indonesia,0858209181,utheunissendo@wikipedia.org
494,"Bahringer, Parker and Williamson",Noisy-le-Grand,France,0158058359,hdowdp@desdev.cn
495,Schuster-Swift,Jiaocheng,China,0764853616,msoppdq@infoseek.co.jp
496,Torp-Pollich,Kalmar,Sweden,0789372611,rchelsomdr@creativecommons.org
497,Braun-Huels,Souran,Syria,0997037439,iweatherhoggds@usnews.com
498,"Weber, Tillman and Corkery",Cabo de Vila,Portugal,0983642892,ebuckthoughtdt@indiegogo.com
499,"Satterfield, Kub and Graham",Shiogama,Japan,0930045032,gaubindu@webs.com
500,"Klein, Morar and Cartwright",Mizdah,Libya,0724378374,dsmethurstdv@economist.com
501,Hintz and Sons,El Real,Venezuela,0911453168,jlaugharnedw@businessweek.com
502,Ryan-Buckridge,Xiniqi,China,0923381743,edewersondx@who.int
503,"Botsford, Schmidt and Roberts",Harstad,Norway,0985204230,hgerattdy@networksolutions.com
504,Pouros-Wunsch,Ginebra,Colombia,0867081359,mmatisoffdz@hostgator.com
505,"Muller, Murphy and Corwin",Muḩambal,Syria,0975330951,zzealeye0@eventbrite.com
506,Mertz LLC,Alexandria,Egypt,0852413773,djossume1@oakley.com
507,Wehner LLC,Wan’an,China,0763732877,ajicklese2@ed.gov
508,Boehm-Osinski,Gaoliang,China,0119461044,iferreae3@github.com
509,Harris-Gulgowski,Nguken,Indonesia,0844106402,rtipplee4@businessweek.com
510,Upton-Torp,Baihe,China,0992432711,cpardiee5@umn.edu
511,Wolff-Dare,Santander de Quilichao,Colombia,0633420354,censtene6@ezinearticles.com
512,"Schamberger, Mitchell and Goldner",Hotsk,Belarus,0952208967,rhouseleee7@theglobeandmail.com
513,"Goyette, VonRueden and Windler",Anse à Galets,Haiti,0976603886,laskere8@ucoz.ru
514,"Batz, Murray and Kunze",Bārkhān,Pakistan,0937994318,rstotherte9@sciencedaily.com
515,"Lynch, Ruecker and Bins",Mouzourás,Greece,0155030185,khainesea@answers.com
516,Kreiger-Zulauf,Arvika,Sweden,0956702044,rwartonbyeb@freewebs.com
517,"Larson, Russel and Wilderman",Pavlodol’skaya,Russia,0821217510,fjoselevitchec@ifeng.com
518,"Kozey, Grant and Green",Kuala Lumpur,Malaysia,0961488852,icargilled@goodreads.com
519,"Moore, Stracke and Ratke",Dadong,China,0177551600,jtayloeee@marriott.com
520,Ziemann Group,Senovo,Slovenia,0748748832,kmcandrewef@nyu.edu
521,Mann-Herzog,Muladbucad,Philippines,0800691168,xmeredytheg@europa.eu
522,Botsford LLC,Genova,Italy,0846172947,crappporteh@ustream.tv
523,Sporer-Wuckert,Jirkov,Czech Republic,0859052250,sdjurkovicei@amazon.co.jp
524,Borer-DuBuque,Jessore,Bangladesh,0909083852,cmckeonej@dion.ne.jp
525,"Kuhn, Breitenberg and Stamm",Taipingguan,China,0688466553,lmoaklerek@bing.com
526,"Schultz, Crist and Beahan",Noenoni,Indonesia,0765588584,sdummettel@geocities.jp
527,"Schroeder, Dooley and Altenwerth",Blagaj,Bosnia and Herzegovina,0790677090,tpiggfordem@disqus.com
528,"Kovacek, Dickens and Leffler",Romorantin-Lanthenay,France,0860932257,hschucken@gnu.org
529,Jenkins Inc,Dromiskin,Ireland,0923161022,mdockrilleo@cam.ac.uk
530,Tremblay-Bayer,Pinayagan Norte,Philippines,0951653993,nbridywaterep@mapquest.com
531,Oberbrunner-Satterfield,Urrao,Colombia,0941246554,cwixeq@g.co
532,Mertz-Rowe,Tiemen,China,0964913100,ehamiltoner@webs.com
533,"Konopelski, Rau and Farrell",Yashao,China,0900797234,dgreiges@yahoo.co.jp
534,Parker and Sons,San Andres,Philippines,0908733311,xkollachet@cocolog-nifty.com
535,Ryan and Sons,Al Majd,Palestinian Territory,0605571695,clabatieeu@lulu.com
536,Kuhlman Inc,Simao,China,0893486646,efranschiniev@godaddy.com
537,Gibson LLC,Palmitas,Uruguay,0910861641,gfleyew@geocities.com
538,"Kiehn, McClure and Sauer",Jintang,China,0862336722,rgoslingex@amazonaws.com
539,"Walsh, D'Amore and Kohler",Tiro,Indonesia,0924549739,gbarrettey@oaic.gov.au
540,Hane-Muller,Xiawuqi,China,0647369723,tguirardinez@tripadvisor.com
541,"Boyle, Donnelly and Block",Lepoglava,Croatia,0922014203,rbowndef0@bbb.org
542,Hansen-West,Yangjiang,China,0983599782,cbaggerf1@hibu.com
543,"Tremblay, Predovic and Green",Antanifotsy,Madagascar,0847804730,ameffenf2@aol.com
544,Barrows LLC,Angers,France,0946967689,spozerf3@spotify.com
545,Schowalter-Cassin,Jinghong,China,0921530969,cbreitlerf4@sina.com.cn
546,Herman and Sons,Sandaogou,China,0971780726,tyousonf5@reverbnation.com
547,Schuppe Inc,Wangcun,China,0989115130,ematterdacef6@archive.org
548,Blick-Sawayn,Dayton,United States,0983726061,fhelsbyf7@google.it
549,"Hilpert, Fay and Yost",Corona,United States,0818465983,badolfsonf8@nbcnews.com
550,Blanda LLC,Bantilan,Indonesia,0909892151,byeseninf9@simplemachines.org
551,Purdy and Sons,Jingdezhen,China,0920725095,tsiggsfa@businessweek.com
552,Emmerich Group,Ambatondrazaka,Madagascar,0870891719,bphinnfb@sitemeter.com
553,Rowe and Sons,Macaíba,Brazil,0961473608,zknockerfc@engadget.com
554,Auer-Goodwin,Dong’ao,China,0864685753,jdanbifd@i2i.jp
555,"Hagenes, Stehr and Treutel",Drosáto,Greece,0977468736,hspinolafe@yolasite.com
556,"Jacobi, Beer and Green",Slobodnica,Croatia,0653753141,hstigellff@omniture.com
557,"Purdy, Trantow and Champlin",Zhangjiawo,China,0936072233,thalstonfg@google.fr
558,Green LLC,Xin’an,China,0925438766,jmitchallfh@printfriendly.com
559,"Legros, Grimes and Lubowitz",Litan,China,0858153190,cbendixenfi@gov.uk
560,Keeling-Gislason,Hamakita,Japan,0636177967,acatterollfj@cpanel.net
561,"Grant, Kuvalis and Leannon",Cikijing,Indonesia,0810277603,mcannawayfk@ycombinator.com
562,"Shanahan, Mitchell and Trantow",Palapye,Botswana,0661552020,halthamfl@drupal.org
563,Roberts Group,Houping,China,0912287557,mmckinlessfm@i2i.jp
564,"Fadel, Towne and Hansen",Itapetininga,Brazil,0717763026,jberryfn@whitehouse.gov
565,Rolfson-Hettinger,Campo Belo,Brazil,0742314167,kskillingtonfo@ifeng.com
566,McCullough-Turner,Chiba,Japan,0940789754,dobyfp@patch.com
567,Kemmer LLC,Changsha,China,0943412119,lkiddlefq@1688.com
568,Hauck-Becker,Enskede,Sweden,0982437568,agoodersonfr@whitehouse.gov
569,Schroeder Inc,Balitai,China,0991586216,grosebyfs@illinois.edu
570,Orn Group,Sjöbo,Sweden,0945154132,wfilipczynskift@dropbox.com
571,Berge-Bode,Urambo,Tanzania,0970762884,nbrandhamfu@squarespace.com
572,"Schuppe, Dach and Mayert",Dalupirip,Philippines,0946860340,adyhousefv@zdnet.com
573,Ondricka Group,Saint-Amand-les-Eaux,France,0935750991,arabsonfw@so-net.ne.jp
574,Langworth LLC,San Luis del Palmar,Argentina,0150734883,dvalerifx@amazon.com
575,Kuvalis-Gibson,Jati,Indonesia,0912380593,rkestevenfy@google.co.uk
576,"Hackett, D'Amore and Sauer",Ruangwa,Tanzania,0905134374,rstelljesfz@com.com
577,"Jast, Schultz and Swaniawski",Bang Khon Thi,Thailand,0836548787,djudeg0@thetimes.co.uk
578,Rempel LLC,Quintães,Portugal,0974464768,toffenerg1@weibo.com
579,Reichel-Beier,Świdnica,Poland,0736275242,bgleaderg2@blogtalkradio.com
580,Thiel-Considine,Tembilahan,Indonesia,0719052627,cwaddoupsg3@comcast.net
581,"Flatley, Stokes and Langosh",Preiļi,Latvia,0904032176,mscaplehorng4@redcross.org
582,Williamson-Yundt,Lipovljani,Croatia,0970576403,dblundelg5@blogger.com
583,Runolfsson-Shields,Barra de Carrasco,Uruguay,0835631287,ijenseng6@auda.org.au
584,Zieme-Lueilwitz,Poręba Spytkowska,Poland,0961382001,ecabelg7@tamu.edu
585,Windler Group,Neochórion,Greece,0848434128,rgarieg8@topsy.com
586,"Lowe, Shields and Swaniawski",Popovi,Bosnia and Herzegovina,0945951017,djanawayg9@1688.com
587,"MacGyver, Leannon and Rogahn",Kalidawir,Indonesia,0860510115,pcoathamga@bloglovin.com
588,Adams-Schmeler,Flórina,Greece,0897424857,bgreenrodgb@woothemes.com
589,"Pfannerstill, Carter and Murphy",Nuyno,Ukraine,0942826676,imatheygc@taobao.com
590,"Bernhard, O'Hara and Botsford",Tacoma,United States,0875685587,sheffernongd@redcross.org
591,"Considine, Quigley and Little",Maliq,Albania,0894051373,trunciemange@statcounter.com
592,"Grant, Crooks and Hirthe",les Escaldes,Andorra,0950768102,cheyworthgf@elpais.com
593,Berge-O'Connell,Shouyan,China,0992727291,bfoangg@independent.co.uk
594,Jacobi-Haley,Mangas,Peru,0925056657,bsykoragh@opensource.org
595,Schiller-Wyman,General Luna,Philippines,0802918586,sstuddeardgi@wikispaces.com
596,"Gaylord, Mosciski and Collier",Oslo,Norway,0960067311,rgeldardgj@theglobeandmail.com
597,Olson Inc,Liulin,China,0971745520,kmackisongk@storify.com
598,O'Connell-Senger,Marilao,Philippines,0801684453,anearygl@guardian.co.uk
599,"Walter, Flatley and Raynor",Kostomuksha,Russia,0688843711,escottsgm@tuttocitta.it
600,"Bosco, Will and Purdy",Pangatikan,Indonesia,0879919866,hbaudinotgn@fema.gov
601,Metz-Yost,Nanding,China,0882901298,sscroxtongo@networksolutions.com
602,"Jacobs, Anderson and Runte",Carrigaline,Ireland,0809374455,cgosdengp@bloomberg.com
603,Lubowitz-Hudson,Åtvidaberg,Sweden,0767680271,csempergq@reverbnation.com
604,Reinger-Ratke,Hengshui,China,0987267948,jscotchmurgr@indiegogo.com
605,Tremblay-Toy,Cuenca,Ecuador,0818158762,lwinckworthgs@youtu.be
606,Crist and Sons,Kuala Terengganu,Malaysia,0875609873,tboutwellgt@goo.ne.jp
607,"Kunze, Heidenreich and Wiza",Prokhladnyy,Russia,0961115828,psargeauntgu@comcast.net
608,"Hilpert, Kuhn and Willms",Bairro,Portugal,0957145061,dbartongv@sfgate.com
609,"Ledner, Toy and Johns",Areni,Armenia,0730251165,zcromettgw@mayoclinic.com
610,"Walsh, Windler and Heaney",Pavlogradka,Russia,0128677128,eguegx@ask.com
611,Sipes-Corkery,Mentougou,China,0914917642,shalliburtongy@slashdot.org
612,Auer and Sons,Nowy Sącz,Poland,0950085263,esibyllagz@miibeian.gov.cn
613,"Goodwin, Vandervort and Bergnaum",Novoarkhanhel’s’k,Ukraine,0102898722,awaneh0@e-recht24.de
614,"Oberbrunner, White and Rau",Concepción,Argentina,0893899833,cwalesh1@statcounter.com
615,"Kreiger, Trantow and Kuvalis",Livadiya,Ukraine,0815611013,mdebruijneh2@ask.com
616,Kris and Sons,Kozloduy,Bulgaria,0862948493,rdeshonh3@admin.ch
617,Baumbach and Sons,Battung,Philippines,0987450871,ftinstonh4@ibm.com
618,Flatley and Sons,Kronshtadt,Russia,0792721542,tbranchetth5@squarespace.com
619,Hilpert Group,Mazowe,Zimbabwe,0808593674,cbuckwellh6@behance.net
620,"Balistreri, Jacobson and Aufderhar",Ghormach,Afghanistan,0810302027,sscholeyh7@dell.com
621,"Walker, Jerde and Terry",Đắk Mâm,Vietnam,0114549675,bdurranh8@bbc.co.uk
622,"Fritsch, Cassin and Robel",Nowa Góra,Poland,0820011277,nhutableh9@cdbaby.com
623,Predovic Group,Yeyik,China,0732974403,emabbsha@pagesperso-orange.fr
624,Kunde LLC,Ban Lam Luk Ka,Thailand,0966877535,atadlowhb@printfriendly.com
625,Wolff-Walker,Seremban,Malaysia,0895030949,hextallhc@trellian.com
626,Gleichner-Koelpin,Novovolyns’k,Ukraine,0734882773,hprobethd@multiply.com
627,Thiel Group,Baih,Indonesia,0803992108,eebbleshe@cbslocal.com
628,"Connelly, Mraz and Bode",Kalangala,Uganda,0998919479,mwhitehornhf@ustream.tv
629,Hegmann and Sons,Novoalekseyevskaya,Russia,0681542772,focorrenhg@nbcnews.com
630,Fritsch Group,Vareiá,Greece,0819228398,rmaccleodhh@chronoengine.com
631,Douglas-Feil,Cerro Azul,Argentina,0823423029,dbichenerhi@cyberchimps.com
632,"Hilpert, Okuneva and Crooks",Almafuerte,Argentina,0945309889,slearmouthhj@icq.com
633,Ferry LLC,La Ceja,Colombia,0653934499,gmatteonihk@google.fr
634,"Gaylord, Schinner and Glover",Bobigny,France,0925250740,cimmshl@nsw.gov.au
635,Dietrich and Sons,Zhendeqiao,China,0950109525,vbenhm@furl.net
636,"Adams, Stoltenberg and Shields",Kristiansand S,Norway,0937809700,ribanhn@smh.com.au
637,Goldner-Kreiger,Martaban,Myanmar,0809841646,tmckuneho@fc2.com
638,"Prohaska, Blanda and Witting",Clones,Ireland,0902702979,hrewanhp@fc2.com
639,Macejkovic-Ortiz,Kakata,Liberia,0980182828,chovelhq@meetup.com
640,"Kuvalis, Bailey and Murray",Jamālpur,Bangladesh,0806469761,vrogerothr@arstechnica.com
641,Lang-Murazik,Toledo,United States,0702070666,vhaningtonhs@sakura.ne.jp
642,Maggio-Lebsack,Sanok,Poland,0995515721,msibleyht@independent.co.uk
643,"Nader, Kilback and Jerde",That Phanom,Thailand,0635654514,pmurdochhu@ibm.com
644,"Strosin, Harber and O'Keefe",Rio Branco,Brazil,0924258829,blangloishv@columbia.edu
645,"Keeling, Boyle and Corkery",Naifaru,Maldives,0833090704,vtruscotthw@desdev.cn
646,"Hansen, Lueilwitz and Lehner",Azogues,Ecuador,0794534835,rfedoronkohx@wikia.com
647,"Dietrich, Hyatt and Zemlak",Kastornoye,Russia,0875679863,agodwynhy@miitbeian.gov.cn
648,Mante LLC,Moscow,Russia,0909619245,tmarkovahz@ebay.co.uk
649,Kshlerin-McClure,Pryvol’ny,Belarus,0916568868,lleei0@indiegogo.com
650,"Mitchell, Hyatt and Marquardt",Goiânia,Brazil,0784106733,lgisleberti1@tinyurl.com
651,Simonis Group,Navotas,Philippines,0802472943,ccahillanei2@google.pl
652,Leffler and Sons,San Antonio,Mexico,0614641595,ifennicki3@chicagotribune.com
653,Leffler-Stokes,Monte da Pedra,Portugal,0967916383,cridgewayi4@mapquest.com
654,"VonRueden, Hintz and Schimmel",Jianghu,China,0971239195,bfoldesi5@narod.ru
655,Buckridge Group,Liangwangzhuang,China,0841702846,pingoni6@senate.gov
656,"Davis, Corkery and Schaefer",Barraute,Canada,0982148114,rkempsoni7@amazon.de
657,Cummerata-Veum,San Francisco,Colombia,0769288678,bsabatei8@unc.edu
658,"Thompson, Rosenbaum and Cartwright",Diavatá,Greece,0935974513,gprestneri9@google.com.au
659,Kozey-Fahey,Taipingguan,China,0612052133,dleamyia@hao123.com
660,Quitzon-Howell,Linköping,Sweden,0799203643,jsmyib@comsenz.com
661,Johnson and Sons,Caen,France,0910875652,gsoigneic@army.mil
662,Goodwin-Bechtelar,Greensboro,United States,0835714184,egrafomid@npr.org
663,Schumm Inc,Fier,Albania,0951853302,lgayeie@washingtonpost.com
664,Aufderhar Group,Jalatrang,Indonesia,0133426373,cgoutcherif@berkeley.edu
665,Kunze Inc,Itauguá,Paraguay,0634826164,ucomettoig@apple.com
666,"Mann, Stiedemann and Osinski",Toul,France,0969509026,cfaircliffih@msu.edu
667,Wiegand-Abbott,San Pedro Sacatepéquez,Guatemala,0966952344,nliddenii@berkeley.edu
668,Casper Group,Kansas City,United States,0860965346,fheadleyij@jalbum.net
669,Schmitt and Sons,Rennes,France,0761753782,dgallandik@zimbio.com
670,Skiles-Schuppe,Gorbunki,Russia,0902059747,gcastagnieril@ezinearticles.com
671,Jacobi Inc,Xukou,China,0808975755,pjanssenim@com.com
672,Spinka-Adams,Jianlong,China,0983850862,wweatherheadin@wiley.com
673,"Ortiz, Farrell and McKenzie",Angadanan,Philippines,0950503993,tlyneio@amazon.co.jp
674,Boehm-Mann,Schœlcher,Martinique,0952974329,rviviansip@scribd.com
675,Simonis-Macejkovic,Pereval'noe,Ukraine,0867622597,dchaulkiq@netscape.com
676,"Kris, Leffler and Macejkovic",Kaédi,Mauritania,0840068733,vsteeplesir@twitter.com
677,Sawayn Inc,Tafo,Ghana,0844400911,nbulcroftis@npr.org
678,Larkin-Becker,Prroshyan,Armenia,0905410450,nhamnettit@statcounter.com
679,"Bins, Gulgowski and Padberg",Oranzherei,Russia,0954301103,astaceyiu@liveinternet.ru
680,Durgan LLC,Burujul,Indonesia,0132872493,jnorleyiv@unc.edu
681,Adams Group,Licheng,China,0818454552,pcaffertyiw@booking.com
682,Gulgowski-Keeling,Cumba,Peru,0742201874,kkempeix@dion.ne.jp
683,Paucek Inc,Volodarka,Ukraine,0140547888,mtidgewelliy@google.com
684,Greenholt Inc,San Kamphaeng,Thailand,0790198318,aeuelsiz@reference.com
685,"Hand, Bayer and Reichert",Kupino,Russia,0923131573,gmcbethj0@cmu.edu
686,"Mueller, Marks and Kohler",Pingfeng,China,0945273225,bferrigej1@eepurl.com
687,"Ziemann, Hodkiewicz and White",Biryukove,Ukraine,0843080113,wrainyj2@sfgate.com
688,"Kiehn, White and Ryan",Dongping,China,0929591669,abirkbeckj3@netlog.com
689,"Legros, Cartwright and Gleichner",Fujieda,Japan,0934320660,smerridayj4@arstechnica.com
690,Schneider-Cremin,Chacapalpa,Peru,0681512281,jbukacj5@gizmodo.com
691,"Swift, Davis and Bechtelar",Munggang,Indonesia,0961091792,wgregorattij6@vimeo.com
692,Kris-Bins,Jayawangi,Indonesia,0977813350,kmordauntj7@newyorker.com
693,"Mayer, Turner and Frami",Jalal-Abad,Kyrgyzstan,0854785173,aodooleyj8@dell.com
694,"Cormier, Casper and Barton",Kidodi,Tanzania,0868183502,aroggemanj9@over-blog.com
695,Zboncak-Prohaska,Tiantai,China,0713200786,fshipstonja@mapquest.com
696,Dach Inc,Wattegama,Sri Lanka,0937241691,dguittetjb@wix.com
697,Kuhlman-Hudson,Wangdian,China,0955328899,bluckwelljc@nyu.edu
698,Witting-Lang,Antopal’,Belarus,0808156063,kitterjd@buzzfeed.com
699,Will Group,Moengo,Suriname,0874532798,tduganje@feedburner.com
700,"Baumbach, Kris and Glover",Shebalino,Russia,0617911282,gburkittjf@europa.eu
701,Champlin-Fahey,La Paz,Philippines,0734173655,dsemblejg@ed.gov
702,Littel LLC,Ciparakan,Indonesia,0973725666,raidlerjh@nih.gov
703,Cummings Inc,Los Pinos,Mexico,0729079412,cquintonji@newyorker.com
704,"Osinski, Bartell and Lueilwitz",Qingkenpao,China,0768197535,mpitkethlyjj@youtube.com
705,"Smitham, Fadel and Schoen",Lelystad,Netherlands,0752696817,hissacsonjk@a8.net
706,Lowe-Kuvalis,Sukamulya,Indonesia,0954686585,hoehmejl@springer.com
707,"Johnston, Gutkowski and Gerhold",Carabayllo,Peru,0801512957,lvellacottjm@answers.com
708,"Trantow, Koepp and Blanda",Piuí,Brazil,0952219188,astiffelljn@redcross.org
709,"Waelchi, Altenwerth and Nolan",Tiaong,Philippines,0908790007,djearumjo@google.ca
710,Koelpin and Sons,Citalahab,Indonesia,0922350329,tcufleyjp@tiny.cc
711,Swaniawski-Spencer,Juvisy-sur-Orge,France,0970692555,jtowsejq@mysql.com
712,"Batz, Stark and Rippin",Huangbei,China,0732136393,aroccojr@github.io
713,Farrell Inc,Longtian,China,0962501398,rgysejs@adobe.com
714,Zboncak Group,Nartkala,Russia,0839990927,jjerischjt@nymag.com
715,Cummerata LLC,Polo,Philippines,0967204660,gtotherju@shareasale.com
716,"Turner, Rogahn and Smith",Baishi,China,0922484653,rlountjv@java.com
717,"Berge, Stoltenberg and Gerlach",Meringkik,Indonesia,0866619003,vsissonjw@elpais.com
718,Schultz and Sons,Lancai,China,0810398492,dpellmanjx@dot.gov
719,McLaughlin LLC,Ḩarīb,Yemen,0957948674,ltaffreyjy@techcrunch.com
720,"Parisian, Rogahn and Rohan",Wuli,China,0883417141,hfeldsteinjz@loc.gov
721,"Abshire, Durgan and Hayes",Beidou,China,0967157082,bleacyk0@amazon.co.jp
722,Metz-Maggio,Zhaoyuan,China,0926044321,fziemsk1@newyorker.com
723,"Rolfson, Huel and Lemke",Bertoua,Cameroon,0953609730,lstebbingk2@miitbeian.gov.cn
724,Schuppe-White,Itaberaba,Brazil,0145832374,gteekk3@foxnews.com
725,Wiza Group,Thị Trấn Phong Thổ,Vietnam,0851049218,dmacneilleyk4@drupal.org
726,Reichel-Robel,Pawa,Philippines,0801973526,sgreenstockk5@cyberchimps.com
727,Dooley Inc,Saint-Fargeau-Ponthierry,France,0836150781,maveyardk6@slashdot.org
728,White and Sons,Santa Fe,Philippines,0963826093,xpatenk7@blog.com
729,"Bauch, Lowe and Keeling",Marne-la-Vallée,France,0814305215,cwalshek8@list-manage.com
730,"Grady, Wolf and Beer",Ust’-Katav,Russia,0888337167,mmcdermottk9@craigslist.org
731,McCullough and Sons,Taganak,Philippines,0992603021,jtownshendka@va.gov
732,Brown-Borer,Beaumont,United States,0928395868,smaccardlekb@washington.edu
733,Konopelski LLC,Lorengau,Papua New Guinea,0912072087,cwastallkc@noaa.gov
734,"Emmerich, Wuckert and Dach",Belas,Portugal,0938078711,cblaksleykd@seesaa.net
735,Bechtelar Group,Yantang,China,0813500060,hblaslike@yellowpages.com
736,McKenzie-Hermann,Tsant,Mongolia,0835807957,awindibankkf@youtube.com
737,Becker-Langosh,Beaconsfield,Canada,0917705695,jbraggintonkg@msn.com
738,Turcotte Group,Talovyy,Russia,0792815130,kverbruggekh@dailymotion.com
739,Goodwin-Johnson,Angers,France,0931578162,bbehneckenki@blogger.com
740,Roob and Sons,Buni Yadi,Nigeria,0845045616,ssorrokj@pagesperso-orange.fr
741,Franecki-Bechtelar,Luče,Slovenia,0896156478,crushmarekk@jigsy.com
742,Bahringer-O'Keefe,Lau,Portugal,0932821222,cwheatleykl@ucoz.ru
743,"Schuster, Kozey and Pollich",Mushu,China,0977931352,jzuckerkm@hubpages.com
744,"Gerlach, Stroman and Runolfsson",Fernandópolis,Brazil,0968186088,bfinneskn@sphinn.com
745,Hauck Group,Niños Heroes,Mexico,0915762171,jjurnko@discovery.com
746,"Heidenreich, Harris and Renner",Banjar Dauhpura,Indonesia,0891614308,cpenhearowkp@columbia.edu
747,Hayes-Bergnaum,Jiwei,China,0985753670,nbretlandkq@wisc.edu
748,Abshire-Zemlak,Mshinskaya,Russia,0813764700,cradsdalekr@etsy.com
749,Schuppe-Goodwin,Bastak,Iran,0973927473,mbrionks@live.com
750,Rempel and Sons,Baishui,China,0950600266,ndillistonkt@google.de
751,Osinski-Dibbert,Rejoagung,Indonesia,0973486261,derniku@t-online.de
752,Corkery-Hammes,Gabi,Philippines,0999617137,feminsonkv@foxnews.com
753,Carter-Maggio,Yélimané,Mali,0866287949,rphinnessykw@163.com
754,Legros Inc,Youngstown,United States,0922431912,greadheadkx@amazon.co.uk
755,Okuneva-Kirlin,Gualmatán,Colombia,0967124939,oduddridgeky@deliciousdays.com
756,Doyle-Conroy,Ica,Peru,0684982242,sguiverkz@goo.gl
757,Streich-Considine,Zhushan,China,0766273533,cjosovitzl0@hugedomains.com
758,"Klocko, Gutkowski and Welch",San Pedro Pinula,Guatemala,0758187760,smatuskiewiczl1@ftc.gov
759,Senger-Pouros,Boé,France,0973178999,dhalversenl2@pen.io
760,Keeling and Sons,Ujsoły,Poland,0186631560,wjudkinsl3@facebook.com
761,Vandervort Group,Kerrobert,Canada,0960893185,lmcgiffiel4@freewebs.com
762,Mohr-Sporer,Metchosin,Canada,0989044869,dtaffiel5@mapy.cz
763,Satterfield-Heller,Ronneby,Sweden,0954637353,mbeatl6@tumblr.com
764,Wiegand Group,El Mirador,Mexico,0914032389,kjorckl7@360.cn
765,Will-Collier,Hartford,United States,0998114026,bcorahl8@prnewswire.com
766,Daniel-Renner,Krasnofarfornyy,Russia,0851324371,kjerochl9@clickbank.net
767,Greenholt and Sons,Cepões,Portugal,0877726667,eswetlandla@themeforest.net
768,Daugherty-Bartoletti,Gryaznovskoye,Russia,0997990497,dteazelb@fastcompany.com
769,Heaney Inc,Sedayulawas,Indonesia,0954359730,amacwilliamlc@yandex.ru
770,"West, Bode and Daniel",Takeo,Japan,0932637546,spellmanld@sbwire.com
771,Jenkins-Schinner,Baiyushan,China,0906595876,gbrumfittle@wp.com
772,Gaylord LLC,Cruz,Portugal,0914785587,lbaultlf@apple.com
773,West Inc,Kudang,Indonesia,0953390793,wwintertonlg@mapy.cz
774,"Kiehn, Ratke and Bins",Palmar de Varela,Colombia,0814524582,mfinlaisonlh@cornell.edu
775,"Kuvalis, Paucek and Hermann",Zipárion,Greece,0889437269,cgimenoli@ucoz.ru
776,Dickinson-MacGyver,Virginia Beach,United States,0183421383,ntolmielj@typepad.com
777,"Abbott, Kilback and Borer",Suban,China,0797776935,muccelilk@hibu.com
778,Corkery-Kemmer,Ulan Us,China,0914630650,gjedraszekll@lulu.com
779,Lakin-Roob,Hà Tiên,Vietnam,0985505893,aburghilllm@ebay.co.uk
780,Moore LLC,Mętków,Poland,0132874652,bcrehanln@dell.com
781,Bins Inc,Itapecerica,Brazil,0952739543,gmatokhninlo@soup.io
782,Stanton LLC,Beloyarskiy,Russia,0784288910,drigardeaulp@reuters.com
783,Bins Group,Марино,Macedonia,0994932777,scucheylq@edublogs.org
784,Cruickshank Inc,Zamora,Spain,0899179650,adanielutlr@elegantthemes.com
785,Harris-Erdman,Toul,France,0942658908,gabryls@ycombinator.com
786,Rowe and Sons,Vidče,Czech Republic,0904320137,cfoucardlt@privacy.gov.au
787,Gerhold-Labadie,Moog,Philippines,0901990592,jlowfilllu@g.co
788,"Zulauf, Weber and Ledner",Jargalant,Mongolia,0964041469,hborgnelv@exblog.jp
789,Will LLC,El Caño,Panama,0874778140,kwinkworthlw@yellowbook.com
790,"Cartwright, Bayer and Osinski",Frankfort,United States,0894857257,modyvoylx@merriam-webster.com
791,Reichert Inc,Tammela,Finland,0897393334,mswindleyly@flavors.me
792,Shanahan LLC,Nepalgunj,Nepal,0806641012,btarrierlz@alibaba.com
793,"Torp, Cremin and Satterfield",Hepu,China,0923312801,hriemem0@unesco.org
794,McClure-Cummings,Panorama,Brazil,0931491129,gduplanm1@shop-pro.jp
795,Hermiston-Haley,Huelkail,Indonesia,0953997587,lkalinkem2@nih.gov
796,Bruen Inc,Bluefields,Jamaica,0844313888,krollingsm3@phpbb.com
797,"Labadie, Ernser and Becker",Rudna,Poland,0993798172,kfranzenm4@godaddy.com
798,Prosacco LLC,Karpogory,Russia,0944383154,mstutardm5@diigo.com
799,VonRueden and Sons,Kuluran,Indonesia,0843001309,enortcliffem6@google.com
800,Hermann-Greenholt,Valdice,Czech Republic,0994212651,mzukiermanm7@cornell.edu
801,Harvey Inc,Nanzamu,China,0159083228,khowarthm8@amazonaws.com
802,Franecki LLC,Mezinovskiy,Russia,0941817784,fbownasm9@yelp.com
803,Bednar Group,Jacksonville,United States,0853743431,atadgellma@chron.com
804,"O'Connell, Hessel and Jaskolski",Senneterre,Canada,0785020987,whazeupmb@arstechnica.com
805,Wilkinson Inc,Kéfalos,Greece,0915025671,ldumbrillmc@barnesandnoble.com
806,Wiza Group,Xueshan,China,0853683278,sbramfordmd@people.com.cn
807,Raynor Inc,Mshinskaya,Russia,0963586265,tosborneme@state.tx.us
808,Upton LLC,Xufeng,China,0907078338,tfriendmf@nba.com
809,Bergstrom-McGlynn,New Westminster,Canada,0970241603,iyankovmg@istockphoto.com
810,"Towne, Wyman and Mante",Dos Quebradas,Colombia,0675156627,triseammh@aboutads.info
811,Boyle and Sons,Širvintos,Lithuania,0808143608,doglethorpemi@dell.com
812,Breitenberg-Haag,Zhuyeping,China,0650043846,bsteanemj@1und1.de
813,"Bergnaum, Weber and Schoen",Fuwen,China,0952408954,rgrimmmk@theguardian.com
814,"Wehner, Grady and Deckow",Zhuangbian,China,0839093959,atidboldml@baidu.com
815,Muller Group,Talaibon,Philippines,0643495805,ccreykemm@washington.edu
816,"Boehm, Gerhold and Kohler",Penza,Russia,0820004425,icockingmn@ycombinator.com
817,"Greenfelder, Morar and Mante",Lewisporte,Canada,0973189563,lmandresmo@reference.com
818,Osinski and Sons,Purwosari,Indonesia,0771102015,ibasillonmp@linkedin.com
819,Terry-Tillman,Gyodong,South Korea,0148826227,ldreppmq@histats.com
820,Kertzmann and Sons,Mazhonghe,China,0974333381,tockwellmr@indiegogo.com
821,"Nienow, Hessel and Kessler",Satipo,Peru,0816275675,mbullmanms@360.cn
822,"Upton, Klein and Jacobs",Pedreira,Brazil,0736759743,zgeorgiadesmt@oaic.gov.au
823,"Windler, Jerde and Wolf",Bāgh-e Maīdān,Afghanistan,0831965775,abegleymu@globo.com
824,Wolf Group,Mādabā,Jordan,0949544014,lhenninghammv@businessweek.com
825,Koch-Rodriguez,Širvintos,Lithuania,0781965909,gpaullmw@earthlink.net
826,Monahan-Raynor,Nueva Italia,Paraguay,0931334307,wwassonmx@hugedomains.com
827,"Robel, Treutel and Collins",Huangling,China,0992248158,rmaynardmy@yellowpages.com
828,Gerhold-Nienow,Nizhniy Novgorod,Russia,0964501722,kleaknermz@flavors.me
829,Feeney LLC,Cikadu,Indonesia,0996574430,wleroyn0@omniture.com
830,"Witting, Hills and Dooley",Lazaro Cardenas,Mexico,0991354362,corpenn1@jiathis.com
831,Larkin-Brakus,Baiqi,China,0692237030,kgammonn2@theglobeandmail.com
832,Fisher-Upton,Bukbatang,Indonesia,0917600760,vquinevann3@comcast.net
833,Fahey Inc,Maradi,Niger,0990831961,ramern4@ucsd.edu
834,Davis-Mraz,Petersfield,Jamaica,0796027772,lbeynn5@linkedin.com
835,"O'Reilly, Gottlieb and Ruecker",Camarate,Portugal,0771038139,amcgilvran6@fotki.com
836,O'Connell-Leuschke,Cendagah,Indonesia,0802120134,cpairemann7@vimeo.com
837,"Thiel, Kuvalis and Raynor",Andongrejo,Indonesia,0901228789,bbouchern8@123-reg.co.uk
838,"Dietrich, Simonis and Nienow",Hässelby,Sweden,0950148408,gpaun9@ebay.co.uk
839,Beatty LLC,Ilongero,Tanzania,0881605510,dchessorna@dedecms.com
840,Lueilwitz-Hickle,Jingtou,China,0957348954,dmackessocknb@reddit.com
841,Pfannerstill-Terry,Ajuy,Philippines,0927043271,ilandellsnc@utexas.edu
842,Nitzsche Inc,Tanabi,Brazil,0639373722,ddismannd@e-recht24.de
843,"Kohler, Ryan and Mraz",Banjar Danginsema,Indonesia,0887186367,asinyardne@nsw.gov.au
844,"Monahan, Howell and Bartell",Satrejan,Indonesia,0973402949,jwarbynf@usa.gov
845,"Ankunding, Little and Hodkiewicz",Nempel,Indonesia,0832155888,jgligorijevicng@xrea.com
846,Crist Inc,Nine,Portugal,0810189551,svanyakinnh@myspace.com
847,Kautzer and Sons,Daxing,China,0988097390,abeafordni@google.ru
848,"McLaughlin, Kris and Barton",Cimo de Vila,Portugal,0649187684,cdavisnj@go.com
849,"Barton, Toy and Mraz",Huang’ao,China,0681963926,sjosskoviznk@ftc.gov
850,"Lindgren, Reynolds and Kilback",Avellaneda,Argentina,0945027530,icousansnl@jiathis.com
851,Greenfelder-Reinger,Saltsjöbaden,Sweden,0958765681,echamannm@networkadvertising.org
852,Bechtelar-Runolfsdottir,Utarapasar,Indonesia,0747283037,eclacsonnn@foxnews.com
853,"Johns, Ryan and Rath",Guankou,China,0758426113,kbiddleno@amazon.co.jp
854,O'Reilly LLC,Zeewolde,Netherlands,0758152808,drebouletnp@nymag.com
855,D'Amore Group,Płock,Poland,0925770607,mplattsnq@hao123.com
856,McKenzie-Aufderhar,Laval,Canada,0815418610,morletonnr@rakuten.co.jp
857,D'Amore-Hyatt,Cala,South Africa,0923642938,msanchisns@lulu.com
858,Emmerich-Gibson,Jinhe,China,0153052922,mreignouldnt@narod.ru
859,"Stoltenberg, Marquardt and Nienow",Sulahan,Indonesia,0638007106,anadinnu@biglobe.ne.jp
860,"McClure, Veum and Hermiston",Quba,Azerbaijan,0921598173,cburghillnv@vistaprint.com
861,Heaney-Spinka,Göteborg,Sweden,0994931536,isamblesnw@archive.org
862,Hartmann Group,Budzów,Poland,0935678345,mcandelinnx@pcworld.com
863,Stokes-Gerlach,Umeå,Sweden,0749124417,amachonny@google.com
864,"West, Kuhlman and Koepp",Monte Alto,Brazil,0704139805,jleatenz@yahoo.co.jp
865,"Schulist, Lind and Runolfsdottir",Pejukutan,Indonesia,0860340160,dsmisseno0@earthlink.net
866,Koelpin-Kerluke,Santa Inês,Brazil,0953873700,dadamideso1@gnu.org
867,Welch Group,Forestville,Canada,0853450551,abogo2@360.cn
868,Goodwin-Romaguera,Singasari,Indonesia,0855715267,ebielfelto3@reuters.com
869,Emmerich-Jacobi,Niandui,China,0974539541,scansdello4@vkontakte.ru
870,Schaden Group,Pinheiro Machado,Brazil,0801161600,mjanaszewskio5@privacy.gov.au
871,Balistreri and Sons,Al Marsá,Tunisia,0746375425,jtominio6@cisco.com
872,Kreiger-Aufderhar,Sadahayu,Indonesia,0930879880,vbrissono7@stanford.edu
873,Schamberger Inc,Al Qanāţir al Khayrīyah,Egypt,0158574824,iwitardo8@tamu.edu
874,"Ferry, Fisher and Goodwin",São Martinho de Árvore,Portugal,0833813718,sbetancourto9@vkontakte.ru
875,O'Conner-Gaylord,Nicoya,Costa Rica,0137820532,apellettoa@freewebs.com
876,Roberts Group,Utama Wetan,Indonesia,0945564134,gbrownillob@xing.com
877,Pouros Inc,Kombissiri,Burkina Faso,0692488391,zstirgessoc@usnews.com
878,"Wolf, Altenwerth and Baumbach",Menghai,China,0954900757,abrightlingod@sfgate.com
879,Bednar-Huel,Besançon,France,0936878511,gburdelloe@google.fr
880,Douglas Inc,Jaunpiebalga,Latvia,0954861022,cbownesof@sciencedaily.com
881,Ruecker Group,Kayan Hulu,Indonesia,0908729643,tspiringog@dailymail.co.uk
882,Lang-Dietrich,Jerusalem,Israel,0874140461,lmoffettoh@liveinternet.ru
883,Lehner-Goldner,Tianxing,China,0981715725,dhasteroi@fda.gov
884,"Hyatt, Ondricka and Tromp",Xuhui,China,0806530180,fcavesoj@redcross.org
885,Schneider and Sons,Sanxi,China,0998244795,rpountainok@archive.org
886,Kessler Group,Lleida,Spain,0935189415,eaudenisol@github.com
887,Schoen-Goldner,Sabnie,Poland,0625834710,kbluesom@51.la
888,Rice-Kirlin,Tianfen,China,0702138662,lschraderon@blogger.com
889,Hackett Group,Dimona,Israel,0959950503,iharcaseoo@jiathis.com
890,Rolfson-Rutherford,Oelui,Indonesia,0798125449,ldoretop@flickr.com
891,Kutch-Hegmann,White Rock,Canada,0910332289,athirlwalloq@sphinn.com
892,"Hegmann, Rohan and Boyer",Iecava,Latvia,0940156914,qbraghinior@dot.gov
893,Koch Group,Liliongan,Philippines,0743761583,jitzcovichos@jiathis.com
894,"Stamm, Adams and Runolfsson",Kafr Takhārīm,Syria,0840340072,aglendinningot@bbc.co.uk
895,Lindgren-Cruickshank,Pasarnangka,Indonesia,0665025810,bbragancaou@simplemachines.org
896,Raynor-Schoen,Launceston,Australia,0779360348,ppenticootov@clickbank.net
897,Rohan and Sons,Khōst,Afghanistan,0960520745,ncalleryow@springer.com
898,"Boyle, Grimes and Runte",Hazlov,Czech Republic,0903969725,cmithunox@bigcartel.com
899,Mueller-Heller,La Coipa,Peru,0990881653,liacovidesoy@sohu.com
900,Dibbert-Balistreri,Uubulan,Mongolia,0966565772,bkoppensoz@networksolutions.com
901,"McGlynn, Torp and Rau",Xinqiao,China,0625506503,ttumiotop0@tuttocitta.it
902,Rice Inc,Bitung,Indonesia,0808440096,tchuggp1@techcrunch.com
903,Leannon-Torphy,Połomia,Poland,0850118669,kkrinksp2@webs.com
904,Stark Inc,Matelândia,Brazil,0955033223,dlaybournp3@github.io
905,Klocko-Breitenberg,Mizhuang,China,0955227124,hjaniszewskip4@mozilla.com
906,Wyman Inc,Hofors,Sweden,0913963430,aducarelp5@blogtalkradio.com
907,Langosh-Marvin,Banjar,Indonesia,0922403677,vwestreyp6@yelp.com
908,Hilll-Mueller,Nentón,Guatemala,0138830706,cambroixp7@msu.edu
909,"Buckridge, Langosh and Doyle",Huping,China,0978849678,mhubbardp8@skype.com
910,Hagenes-Conn,Rashaant,Mongolia,0935384362,tdrewetp9@wordpress.org
911,Kilback-Rutherford,Lingcheng,China,0890884533,cbatteypa@shinystat.com
912,Harvey Inc,Verkhnyaya Belka,Ukraine,0948234061,cempsonpb@businessinsider.com
913,Williamson and Sons,Buenavista,Mexico,0818141179,guridgepc@nifty.com
914,Stoltenberg-Hansen,Askersund,Sweden,0632278578,telsypd@cisco.com
915,"Jones, Jones and Bogan",Hengfeng,China,0858094391,jblydepe@comsenz.com
916,"Lemke, Braun and Yundt",Longxian,China,0764793133,gearneypf@economist.com
917,Kuhn LLC,Nusajaya,Malaysia,0954189256,etomickipg@themeforest.net
918,Lang-Schamberger,Quintinha,Portugal,0951350657,jhannigerph@joomla.org
919,Kirlin Group,Motema,Sierra Leone,0824648548,mleathlaypi@google.cn
920,Langosh and Sons,Shirahamachō-usazakiminami,Japan,0947476983,tdrohanepj@foxnews.com
921,Doyle-Parker,Quxi,China,0981027107,fbowserpk@spotify.com
922,DuBuque-Murphy,Munjungan,Indonesia,0748891986,dcluerpl@newsvine.com
923,"Gutmann, Hackett and Welch",Gainesville,United States,0923608318,eharnellpm@webeden.co.uk
924,"Berge, Aufderhar and Anderson",Dongdu,China,0136251114,rmcellenpn@soundcloud.com
925,Friesen-Farrell,Ishioka,Japan,0824017161,zkerinpo@exblog.jp
926,Haag Inc,Dujiajing,China,0759893977,lkleislepp@ovh.net
927,Douglas LLC,Diaoling,China,0831460395,wmuckartpq@etsy.com
928,"Hills, Becker and Wisozk",Xinxu,China,0625162013,kriquetpr@nymag.com
929,Smitham-Hirthe,Manzini,Swaziland,0979252103,dbushenps@over-blog.com
930,"Parisian, Becker and Walter",Paphos,Cyprus,0984124915,mresidept@edublogs.org
931,Hintz LLC,Mambalan,Indonesia,0968859832,asyddiepu@bravesites.com
932,Grady Inc,Lwówek Śląski,Poland,0913455499,bderingtonpv@time.com
933,Rosenbaum-Ullrich,Pariaman,Indonesia,0788496323,zhorleypw@irs.gov
934,Davis-Batz,Donduşeni,Moldova,0740904502,jbirdwistlepx@gnu.org
935,Kertzmann Inc,Xiangquan,China,0979250040,gwhatlingpy@senate.gov
936,Greenholt-Dickinson,Vyshneve,Ukraine,0613437724,esansompz@cargocollective.com
937,Murray and Sons,Huaikan,China,0974492797,dstanggjertsenq0@cbc.ca
938,"Rice, Crooks and McClure",Shuntian,China,0994905464,tcusheq1@newyorker.com
939,Upton Inc,Tuen Mun,Hong Kong,0834561994,lstoadeq2@miitbeian.gov.cn
940,Dibbert-Johnson,Maronge,Indonesia,0955182064,qstarbuckq3@icio.us
941,"Wyman, Wehner and Crona",Palmira,Colombia,0791913567,bshellyq4@wikispaces.com
942,O'Reilly-Zboncak,Bobolice,Poland,0910377101,mbellowq5@google.com
943,Reichel Group,Limbo,Philippines,0971739488,gmenierq6@rambler.ru
944,Jerde-Collins,Fada N'gourma,Burkina Faso,0892674802,jpichanq7@google.co.jp
945,Deckow LLC,Vårgårda,Sweden,0787105170,sclaqueq8@mlb.com
946,Brekke-Lindgren,Jacinto Arauz,Argentina,0753014626,callinsonq9@webnode.com
947,Spinka-Lind,Surin,Thailand,0996126333,rbovairdqa@imdb.com
948,Senger-O'Keefe,Arras,France,0119257352,rchoppenqb@walmart.com
949,Mann LLC,Borabue,Thailand,0875355397,abenaineqc@washingtonpost.com
950,Little and Sons,Al Ḩazm,Yemen,0892898174,waylettqd@netscape.com
951,Tremblay and Sons,Wichian Buri,Thailand,0979148766,hpevsnerqe@google.pl
952,Schneider-Kassulke,Mianduhe,China,0659767633,opailinqf@barnesandnoble.com
953,Rosenbaum-Tillman,Pancanagara,Indonesia,0955498304,rstollenbeckerqg@narod.ru
954,Douglas-Gulgowski,Hengfan,China,0921831812,mwithropqh@mediafire.com
955,Nitzsche-Crist,Minante Segundo,Philippines,0869279448,bboullenqi@pen.io
956,Grady LLC,Lampa,Indonesia,0977764553,btubbleqj@issuu.com
957,"Nolan, Rau and Heathcote",Boudinar,Morocco,0989636674,edorrqk@examiner.com
958,"Raynor, Schamberger and Lynch",Thị Trấn Quảng Uyên,Vietnam,0978715907,cbalentyneql@posterous.com
959,Zieme-Baumbach,Xiancun,China,0992210065,glashleyqm@clickbank.net
960,"Schultz, Thompson and Rath",Nanxing,China,0975219556,mmatevosianqn@desdev.cn
961,Cummerata Inc,Bieligutai,China,0932106052,cyekelqo@salon.com
962,Conroy Group,Youghal,Ireland,0994920258,mlinsleyqp@mozilla.com
963,Leffler LLC,Zaojiacheng,China,0989668411,ocainesqq@usatoday.com
964,Pouros-Stoltenberg,La Sierpe,Cuba,0867655021,efreiburgerqr@mtv.com
965,Marquardt Group,Baru,Indonesia,0828107126,jolverqs@domainmarket.com
966,"Douglas, Frami and Kemmer",Peabiru,Brazil,0923027538,lloganqt@odnoklassniki.ru
967,Cummings LLC,Claveria,Philippines,0987816127,tsanpherqu@gnu.org
968,"Moen, Haley and Parker",Bambanglipuro,Indonesia,0905312100,asizeyqv@reddit.com
969,"Bergnaum, Romaguera and Wunsch",Yavne,Israel,0795818654,abeeckxqw@psu.edu
970,Yundt-D'Amore,Vary,Ukraine,0974730982,awhappleqx@tuttocitta.it
971,"Bayer, Kuhn and Johns",Pallisa,Uganda,0875062131,hheismanqy@cafepress.com
972,Rodriguez-Parker,Messina,South Africa,0950237132,sspindlerqz@ftc.gov
973,Crona-Mitchell,Bromma,Sweden,0932155668,lrobeconr0@columbia.edu
974,Schmitt Group,Żórawina,Poland,0986136646,mhiskeyr1@rakuten.co.jp
975,Nienow-Moen,Noramarg,Armenia,0781221848,gthrelkeldr2@fda.gov
976,Russel-Kassulke,Kajatian,Philippines,0962889223,vemmerr3@netvibes.com
977,"Sipes, Kuhic and Moore",Ledok,Indonesia,0866784339,ebouchardr4@un.org
978,Quigley-Rolfson,Nezvěstice,Czech Republic,0878167527,abinningr5@histats.com
979,Streich Inc,Shushary,Russia,0693186603,mwildtr6@pcworld.com
980,Fahey and Sons,Saltsjö-Boo,Sweden,0865984612,tpardoer7@ca.gov
981,"Ryan, Rogahn and Heathcote",Ash Shāmīyah,Kuwait,0164307079,apickersgillr8@qq.com
982,"Witting, Schamberger and Langosh",Xinghe Chengguanzhen,China,0784360359,rconnarr9@vkontakte.ru
983,Davis and Sons,Bykhaw,Belarus,0120645267,kduberyra@washington.edu
984,Jenkins and Sons,Salaš Crnobarski,Serbia,0911122548,tsmalerb@pcworld.com
985,Stokes Group,Smętowo Graniczne,Poland,0942101853,eyoxallrc@google.ru
986,Hamill-Satterfield,Gesik,Indonesia,0936694146,rlassellrd@psu.edu
987,Crona-Bailey,Fulong,China,0894467269,lechaliere@java.com
988,O'Connell LLC,San Fernando del Valle de Catamarca,Argentina,0950533566,echedzoyrf@instagram.com
989,Effertz LLC,Bayt Maqdūm,Palestinian Territory,0100687427,smendoncarg@com.com
990,Kuhn Group,Toužim,Czech Republic,0935283578,svasilchenkorh@privacy.gov.au
991,Effertz and Sons,Buenavista,Mexico,0976045869,fnoodsri@networkadvertising.org
992,Heaney-Hackett,Stuttgart,Germany,0919297050,rfraniakrj@omniture.com
993,Emard-Klocko,Fuxing,China,0772424679,cwalsomrk@msn.com
994,Keebler-Schmidt,Songqiao,China,0849873450,ljowettrl@flavors.me
995,"Becker, Frami and Gleichner",Bata Tengah,Indonesia,0976846926,sribarm@yellowbook.com
996,Sporer-Wehner,Fushëkuqe,Albania,0804081257,htaillardrn@google.es
997,Hirthe-Leuschke,Kokop,Indonesia,0849399154,fvogelerro@go.com
998,Swaniawski Inc,Shicang,China,0992823151,tbrederp@wikipedia.org
999,Sanford Group,Babakan,Indonesia,0911013425,ainksterrq@alibaba.com
1000,Miller-Denesik,Rubirizi,Uganda,0987238284,yyockleyrr@google.fr
