id_livraison,compagnie,telephone,adresse
1,UPS,0921193318,3950 Johnson Trail
2,UPS,0683787199,43 Anderson Park
3,DHL,0917866475,346 Algoma Pass
4,DHL,0149278998,03129 Chinook Way
5,COLISSIMO,0957826559,91002 Pine View Circle
6,UPS,0105666060,6 Becker Hill
7,COLISSIMO,0198804246,73680 Hansons Point
8,COLISSIMO,0869900037,0937 Westend Park
9,UPS,0869009122,5 4th Parkway
10,COLISSIMO,0976735812,0069 Dixon Center
11,COLISSIMO,0908295443,5 Maple Street
12,UPS,0768930708,834 Oneill Lane
13,DHL,0935993580,450 Stuart Hill
14,COLISSIMO,0742347179,4367 Main Lane
15,DHL,0953799075,36743 Memorial Hill
16,COLISSIMO,0613141707,2120 Pierstorff Road
17,DHL,0726525259,100 Transport Junction
18,DHL,0621655653,176 Steensland Crossing
19,COLISSIMO,0926988775,5083 Calypso Pass
20,COLISSIMO,0165783634,657 Southridge Plaza
21,UPS,0956015238,59 Macpherson Alley
22,DHL,0800493804,9604 Calypso Parkway
23,UPS,0887138282,8 Kennedy Trail
24,COLISSIMO,0923283295,74 Ruskin Junction
25,COLISSIMO,0986948796,60069 Myrtle Crossing
26,UPS,0953181302,75300 East Hill
27,UPS,0651342709,9279 Green Junction
28,DHL,0711654264,06751 Declaration Point
29,DHL,0141218493,00 Burrows Point
30,COLISSIMO,0657447731,40 Rutledge Road
31,UPS,0805640272,3708 Northview Parkway
32,DHL,0997911512,4517 Hanson Terrace
33,DHL,0823918177,61 Pierstorff Lane
34,COLISSIMO,0807395491,784 Del Mar Road
35,DHL,0856179294,2 Troy Avenue
36,UPS,0945014423,217 Dovetail Junction
37,DHL,0689014764,910 Transport Parkway
38,COLISSIMO,0951172723,8 Messerschmidt Terrace
39,COLISSIMO,0874790881,53855 Pankratz Place
40,DHL,0655555603,157 Charing Cross Place
41,COLISSIMO,0886841650,7046 Dawn Court
42,UPS,0809564819,36 Darwin Alley
43,UPS,0831993077,8201 Golf Crossing
44,COLISSIMO,0914826567,03 Rutledge Street
45,COLISSIMO,0917164764,1 Briar Crest Way
46,UPS,0694831206,350 Ilene Alley
47,UPS,0956829658,5 Village Green Lane
48,COLISSIMO,0888292187,19398 Texas Junction
49,COLISSIMO,0978701218,772 Anderson Parkway
50,COLISSIMO,0770812314,90020 Lindbergh Crossing
51,COLISSIMO,0789224197,1663 Annamark Point
52,COLISSIMO,0945806278,2 Larry Park
53,UPS,0964469104,2 Mosinee Point
54,COLISSIMO,0810447466,0922 Gina Crossing
55,DHL,0998340583,55 Moulton Parkway
56,DHL,0967283064,090 Buhler Pass
57,DHL,0844595719,085 Anhalt Circle
58,UPS,0732678149,126 Thompson Drive
59,DHL,0993443122,0962 Division Pass
60,COLISSIMO,0945049223,5049 Dixon Alley
61,COLISSIMO,0826243268,6 Straubel Avenue
62,COLISSIMO,0979006734,98337 Goodland Drive
63,COLISSIMO,0735617771,171 Straubel Plaza
64,UPS,0185594551,0540 5th Plaza
65,UPS,0985193144,30 Briar Crest Place
66,DHL,0969186657,85 Arrowood Hill
67,COLISSIMO,0906342669,285 School Center
68,UPS,0707330403,2388 Buena Vista Junction
69,UPS,0161551964,16208 Marcy Street
70,COLISSIMO,0897088865,91 Leroy Hill
71,COLISSIMO,0969366146,82040 Eagan Park
72,COLISSIMO,0808761473,8 Clarendon Court
73,DHL,0910166045,3625 Russell Drive
74,COLISSIMO,0998613870,3859 Arkansas Point
75,DHL,0933422459,3 Ridgeview Center
76,COLISSIMO,0907387833,2749 Lerdahl Lane
77,COLISSIMO,0910321561,42781 Cottonwood Avenue
78,DHL,0885340978,71 Anthes Street
79,COLISSIMO,0904043701,53996 Scott Place
80,COLISSIMO,0134690490,773 Porter Road
81,UPS,0772207915,9 5th Park
82,UPS,0947630296,3566 Derek Parkway
83,UPS,0681544180,91867 Rigney Terrace
84,DHL,0771151537,074 Hanover Park
85,DHL,0998976397,157 Superior Terrace
86,UPS,0649438392,6406 Maple Wood Lane
87,COLISSIMO,0886698112,767 Raven Avenue
88,DHL,0979568782,85 Service Drive
89,UPS,0624998359,79654 La Follette Crossing
90,COLISSIMO,0929687647,6851 Commercial Hill
91,UPS,0729316394,9710 Fieldstone Lane
92,COLISSIMO,0982995654,2861 Declaration Circle
93,DHL,0924466554,5677 North Place
94,DHL,0937922494,4 Park Meadow Terrace
95,UPS,0996751166,14613 Hintze Street
96,COLISSIMO,0916054770,3143 Forest Run Pass
97,COLISSIMO,0933272518,8585 Thackeray Terrace
98,UPS,0772245269,14548 Starling Way
99,DHL,0971313497,89 Little Fleur Center
100,COLISSIMO,0977504324,77 Continental Court
101,DHL,0917601123,52 Forster Alley
102,COLISSIMO,0644268079,0749 Knutson Alley
103,DHL,0754998800,0 Stang Road
104,DHL,0865416786,9 Shelley Street
105,COLISSIMO,0961160681,8 Nancy Alley
106,UPS,0608632425,3229 Tony Drive
107,COLISSIMO,0194280934,3220 Elka Point
108,DHL,0947729820,289 Old Shore Junction
109,COLISSIMO,0916689753,65902 Boyd Hill
110,UPS,0951919241,10846 Derek Plaza
111,UPS,0704516683,618 Briar Crest Junction
112,COLISSIMO,0909514128,86 Elgar Way
113,UPS,0880491417,54465 Buell Center
114,COLISSIMO,0970022802,83 Derek Lane
115,COLISSIMO,0916229303,8912 Mariners Cove Court
116,DHL,0947089451,43 Maywood Hill
117,UPS,0656876891,1973 Talisman Parkway
118,UPS,0986775742,72633 Mallard Trail
119,COLISSIMO,0918498320,38 Bashford Center
120,COLISSIMO,0746380629,5305 Bartillon Plaza
121,UPS,0980048895,991 6th Place
122,DHL,0901811741,61 Lunder Crossing
123,COLISSIMO,0961935748,9479 Monica Junction
124,DHL,0985766368,7 Aberg Drive
125,UPS,0809722992,7877 Clemons Parkway
126,DHL,0989662970,33244 Dawn Court
127,UPS,0720116192,0005 Talisman Trail
128,COLISSIMO,0783591731,21268 Ramsey Pass
129,COLISSIMO,0778410274,27653 Katie Lane
130,COLISSIMO,0930984655,1725 1st Circle
131,DHL,0652436496,7282 Prairie Rose Plaza
132,UPS,0867231062,5 Sloan Center
133,UPS,0156419924,9 Bunting Place
134,COLISSIMO,0965368243,0 South Alley
135,DHL,0939639635,0925 Summerview Trail
136,UPS,0778756002,352 Manley Alley
137,DHL,0911608333,9 Troy Circle
138,DHL,0976250134,20807 West Road
139,UPS,0764391391,89 Roth Crossing
140,UPS,0915738127,0 Glendale Hill
141,DHL,0828977913,6030 Ilene Junction
142,UPS,0793151338,11 Ryan Hill
143,COLISSIMO,0919908052,510 Anzinger Way
144,COLISSIMO,0908182052,75468 Iowa Hill
145,COLISSIMO,0834881098,5 Trailsway Circle
146,COLISSIMO,0942979681,40426 Tennyson Parkway
147,UPS,0821297367,84055 New Castle Pass
148,UPS,0757858935,82047 Sage Place
149,DHL,0999702813,7214 Oak Valley Plaza
150,COLISSIMO,0145378431,615 Independence Junction
151,UPS,0886486823,28135 Toban Plaza
152,COLISSIMO,0933386373,9 Moland Hill
153,COLISSIMO,0989889568,94 Garrison Drive
154,DHL,0972089723,69 Scofield Lane
155,UPS,0658155211,3 Glacier Hill Alley
156,DHL,0830078388,13 Kinsman Center
157,DHL,0859917248,095 Goodland Parkway
158,COLISSIMO,0975757628,31 Bay Parkway
159,COLISSIMO,0914312553,1091 Havey Avenue
160,UPS,0864786357,4 Glendale Road
161,UPS,0946522640,812 Clyde Gallagher Court
162,DHL,0914740166,3830 Riverside Center
163,UPS,0809060134,200 Truax Park
164,COLISSIMO,0832857359,6791 Ridgeway Lane
165,UPS,0996906052,2 Swallow Road
166,UPS,0946824548,78 Dexter Crossing
167,COLISSIMO,0937888948,38 Golf Course Road
168,COLISSIMO,0645631401,10 Stoughton Court
169,DHL,0995366202,733 Bultman Avenue
170,DHL,0938561409,87438 Ramsey Terrace
171,UPS,0934265283,522 Ridgeway Road
172,COLISSIMO,0842066643,5675 Anthes Park
173,COLISSIMO,0915697485,1 Ramsey Lane
174,UPS,0662916992,33147 Hauk Way
175,DHL,0943455965,9984 School Trail
176,COLISSIMO,0868560519,56295 Sutteridge Street
177,UPS,0879312834,088 Hermina Parkway
178,COLISSIMO,0116738535,72 Twin Pines Parkway
179,UPS,0944841126,8 Caliangt Terrace
180,COLISSIMO,0753589723,6629 Express Court
181,COLISSIMO,0836165336,58220 Granby Center
182,COLISSIMO,0965948504,32 Nelson Parkway
183,DHL,0823202919,7144 Green Point
184,UPS,0891643846,400 Eagan Drive
185,COLISSIMO,0866185816,9303 School Terrace
186,DHL,0870690303,1833 Maple Wood Place
187,UPS,0810867337,36 Northport Parkway
188,UPS,0982973470,4 Mitchell Drive
189,COLISSIMO,0864109434,62 Ruskin Avenue
190,COLISSIMO,0870285015,5765 Crest Line Pass
191,COLISSIMO,0981259096,79079 Laurel Street
192,COLISSIMO,0613905888,95 Judy Road
193,COLISSIMO,0891329555,878 Dryden Drive
194,DHL,0964788444,18 Pine View Parkway
195,COLISSIMO,0996784967,04606 Mallard Lane
196,COLISSIMO,0992210133,51163 Maple Hill
197,DHL,0871370982,1 Spenser Crossing
198,COLISSIMO,0837090185,7 Lakewood Drive
199,DHL,0706730695,979 Bultman Way
200,COLISSIMO,0892832763,74 Kedzie Lane
201,UPS,0929576360,783 Morning Junction
202,UPS,0743768719,5607 Corben Alley
203,COLISSIMO,0909610300,5808 Eggendart Drive
204,COLISSIMO,0986559685,36810 Homewood Court
205,UPS,0196390771,7413 Dennis Terrace
206,DHL,0890711588,76795 Farwell Alley
207,DHL,0906426921,24 Hauk Way
208,DHL,0746784880,8 Superior Plaza
209,COLISSIMO,0980338019,0 Kensington Center
210,UPS,0821378239,79 Oriole Road
211,UPS,0968945343,15562 Crest Line Center
212,COLISSIMO,0853446022,8 Maryland Road
213,DHL,0862875194,67981 Cordelia Circle
214,DHL,0689897267,9 Messerschmidt Plaza
215,COLISSIMO,0904885718,8 Park Meadow Lane
216,UPS,0942644257,2 Chinook Point
217,UPS,0645044658,550 Morningstar Point
218,COLISSIMO,0945873807,48130 Grasskamp Pass
219,COLISSIMO,0146725183,11 Reinke Plaza
220,UPS,0879609184,361 Muir Center
221,UPS,0808813200,43685 Parkside Terrace
222,DHL,0155427737,28 Meadow Valley Terrace
223,COLISSIMO,0938261067,4 Bellgrove Point
224,DHL,0897122768,1 Gale Hill
225,UPS,0896990656,17 Wayridge Avenue
226,DHL,0643781623,31016 2nd Place
227,UPS,0876774892,550 Dayton Avenue
228,DHL,0971321186,52 Morning Hill
229,COLISSIMO,0834724144,982 Forster Drive
230,COLISSIMO,0961489705,93922 Merrick Terrace
231,COLISSIMO,0986820592,028 Johnson Pass
232,COLISSIMO,0979982651,3 Del Sol Place
233,COLISSIMO,0995893114,223 Roth Circle
234,DHL,0900748008,29 Cascade Parkway
235,COLISSIMO,0729680225,35 Glendale Pass
236,DHL,0713948505,27467 Homewood Junction
237,COLISSIMO,0188851560,60 West Junction
238,DHL,0942570787,833 Green Terrace
239,COLISSIMO,0871373926,8 Schlimgen Circle
240,COLISSIMO,0901200812,9 Melody Park
241,DHL,0634283442,79 Schurz Road
242,UPS,0943602507,1963 Sullivan Lane
243,UPS,0822079692,16553 Atwood Alley
244,DHL,0896309797,1 Maple Wood Circle
245,UPS,0988206684,93545 Fallview Court
246,COLISSIMO,0846425151,420 Ruskin Circle
247,UPS,0915598311,49681 Farragut Plaza
248,DHL,0952888992,727 Lakewood Terrace
249,DHL,0976245104,212 Kennedy Parkway
250,COLISSIMO,0951547392,3443 Ilene Junction
251,DHL,0934767582,4 Westridge Parkway
252,DHL,0984278538,591 Brown Road
253,DHL,0712264958,04370 Fieldstone Center
254,COLISSIMO,0934630078,5495 8th Park
255,UPS,0979903867,790 1st Way
256,COLISSIMO,0973454995,4 Hovde Place
257,COLISSIMO,0680942017,1 Talisman Center
258,COLISSIMO,0945919560,7 Fulton Trail
259,COLISSIMO,0913186641,174 Iowa Trail
260,UPS,0996916314,67 Cascade Avenue
261,UPS,0703538433,760 Eliot Lane
262,COLISSIMO,0667871289,404 La Follette Court
263,COLISSIMO,0971301216,2354 Surrey Parkway
264,COLISSIMO,0648966021,33982 Northfield Court
265,COLISSIMO,0817909305,23196 Westerfield Terrace
266,COLISSIMO,0811851843,87623 Glendale Center
267,COLISSIMO,0880695122,53220 Esch Park
268,COLISSIMO,0768086960,264 Susan Junction
269,COLISSIMO,0839084052,97 7th Pass
270,UPS,0982775569,71 Union Plaza
271,UPS,0974589889,81 Debra Pass
272,COLISSIMO,0789460553,70 Crownhardt Terrace
273,DHL,0197597470,5 Monument Avenue
274,UPS,0982277689,026 Golf Circle
275,COLISSIMO,0966122748,910 Mariners Cove Avenue
276,COLISSIMO,0717129646,4646 Nevada Avenue
277,COLISSIMO,0961660397,20 Cascade Crossing
278,UPS,0934488348,703 Heath Way
279,DHL,0906297620,36 Harper Plaza
280,UPS,0888943281,7 West Court
281,DHL,0951073558,916 Granby Drive
282,COLISSIMO,0957579877,330 Lakeland Lane
283,DHL,0913282081,9 Westport Lane
284,COLISSIMO,0825112545,41 Homewood Circle
285,DHL,0902325514,1101 Montana Road
286,COLISSIMO,0927276187,65526 Muir Junction
287,UPS,0921925373,08 Hanson Trail
288,COLISSIMO,0964235731,64 Pawling Lane
289,COLISSIMO,0921245633,07 Maywood Plaza
290,COLISSIMO,0926621158,13457 Manufacturers Trail
291,DHL,0930992834,78 Butterfield Plaza
292,COLISSIMO,0931763330,70944 Quincy Circle
293,DHL,0953937665,3 Northfield Plaza
294,UPS,0934861478,4431 Goodland Avenue
295,DHL,0991796587,86756 Jana Pass
296,COLISSIMO,0894515469,22 Valley Edge Junction
297,COLISSIMO,0145985488,95 Vahlen Pass
298,UPS,0905809517,2 Gale Center
299,UPS,0927497542,70 Doe Crossing Way
300,DHL,0996261423,61131 Arrowood Place
301,DHL,0752337567,20963 Messerschmidt Circle
302,UPS,0960910373,65917 5th Terrace
303,COLISSIMO,0793413149,179 Meadow Ridge Drive
304,COLISSIMO,0824359230,22515 Acker Pass
305,UPS,0944556621,14 Continental Park
306,COLISSIMO,0794500067,0856 Sunbrook Alley
307,UPS,0977787801,236 Jenifer Junction
308,COLISSIMO,0637952427,43837 Oak Point
309,DHL,0813640334,68 Gateway Lane
310,COLISSIMO,0888824208,6 Summer Ridge Point
311,DHL,0791484679,03 Tomscot Park
312,UPS,0936002849,099 Washington Hill
313,UPS,0144925535,5190 Maple Wood Avenue
314,DHL,0947779420,88 La Follette Circle
315,COLISSIMO,0717834631,926 Fuller Trail
316,COLISSIMO,0773383604,79095 Sullivan Avenue
317,COLISSIMO,0920472117,59820 Autumn Leaf Junction
318,DHL,0609253283,8 Talisman Street
319,COLISSIMO,0960951854,515 Fieldstone Trail
320,COLISSIMO,0712238764,18 Gale Way
321,UPS,0612385700,67508 Milwaukee Court
322,UPS,0782801557,920 Coleman Place
323,COLISSIMO,0994050039,7739 Bashford Lane
324,COLISSIMO,0947047767,40 Bluejay Place
325,COLISSIMO,0919241403,2674 Ridgeview Lane
326,UPS,0180616133,56614 Bobwhite Park
327,COLISSIMO,0921467746,19099 Sachtjen Street
328,COLISSIMO,0928851889,56891 North Street
329,COLISSIMO,0967087084,61 Towne Junction
330,COLISSIMO,0926959137,94746 Shoshone Alley
331,DHL,0933460624,8 Beilfuss Junction
332,COLISSIMO,0834246066,22541 North Drive
333,DHL,0739483574,155 Butterfield Crossing
334,DHL,0794848034,0 Miller Circle
335,DHL,0972194398,59 Green Center
336,COLISSIMO,0945794131,90108 Manley Street
337,DHL,0922963534,0 Daystar Terrace
338,COLISSIMO,0925199847,891 Blackbird Avenue
339,DHL,0976167277,7892 Homewood Avenue
340,UPS,0914706291,15 Doe Crossing Center
341,DHL,0956385793,3680 Maple Wood Lane
342,UPS,0797642665,3 Erie Point
343,UPS,0941679240,0 Sage Junction
344,UPS,0991050543,4 Sachs Pass
345,UPS,0907713542,9529 Mockingbird Avenue
346,DHL,0942801832,536 Heffernan Junction
347,UPS,0938793746,3425 American Pass
348,COLISSIMO,0889113835,391 Butterfield Park
349,DHL,0923307284,66663 Schmedeman Terrace
350,COLISSIMO,0924800032,93 Memorial Point
351,DHL,0981569920,2338 Charing Cross Drive
352,DHL,0728637546,3 Hoepker Street
353,UPS,0838032494,899 Portage Parkway
354,COLISSIMO,0730300876,32638 Rockefeller Place
355,COLISSIMO,0891125993,66 Delaware Center
356,DHL,0995666926,5003 Grover Lane
357,UPS,0881479790,508 Redwing Junction
358,DHL,0848606371,40462 Lakewood Gardens Trail
359,COLISSIMO,0930486876,2966 Rockefeller Avenue
360,UPS,0965394148,9 Kingsford Court
361,COLISSIMO,0998151885,42870 Mcbride Drive
362,COLISSIMO,0694175565,387 Express Hill
363,COLISSIMO,0946164053,553 Independence Plaza
364,UPS,0951223271,69912 4th Road
365,UPS,0997926719,04193 Dorton Alley
366,COLISSIMO,0947427259,008 Walton Trail
367,COLISSIMO,0956840430,3 Grim Way
368,COLISSIMO,0929208495,25217 Sycamore Plaza
369,DHL,0927018626,71095 Hermina Court
370,COLISSIMO,0833243223,03 Trailsway Park
371,COLISSIMO,0752019589,04266 Florence Pass
372,DHL,0942468817,78 Ruskin Park
373,COLISSIMO,0982011095,676 Jenifer Road
374,UPS,0784539115,1817 Vernon Center
375,COLISSIMO,0915374580,9336 Dennis Park
376,UPS,0993600928,62 Elka Drive
377,UPS,0729306057,663 Eliot Drive
378,UPS,0931353042,8005 Tennyson Way
379,COLISSIMO,0154504783,4935 Stephen Court
380,UPS,0999593341,64291 Village Junction
381,COLISSIMO,0940675024,4374 Bayside Junction
382,UPS,0976934338,50329 Memorial Crossing
383,COLISSIMO,0932245040,0561 2nd Way
384,COLISSIMO,0935873736,7733 Ryan Alley
385,COLISSIMO,0903625999,15 Tennessee Circle
386,DHL,0980182767,94 Golf View Place
387,UPS,0756794655,6491 Glacier Hill Way
388,UPS,0151970647,61107 Clyde Gallagher Junction
389,UPS,0949500723,9750 Rockefeller Street
390,COLISSIMO,0895262719,1258 Jackson Way
391,COLISSIMO,0987505889,47749 Melody Road
392,COLISSIMO,0916488344,84 Anhalt Pass
393,DHL,0928216604,34 Glacier Hill Parkway
394,COLISSIMO,0763670625,8193 Barnett Center
395,COLISSIMO,0131318929,54220 Farragut Plaza
396,DHL,0944804465,3997 Village Green Park
397,UPS,0957064124,054 Esker Trail
398,UPS,0974297597,7118 Kropf Hill
399,COLISSIMO,0728719174,7969 Bashford Trail
400,COLISSIMO,0942531341,1920 Westridge Hill
401,COLISSIMO,0986182227,74374 Starling Junction
402,DHL,0980480709,56074 Mandrake Point
403,COLISSIMO,0755669743,9 Mariners Cove Point
404,COLISSIMO,0949715515,661 Northland Point
405,COLISSIMO,0982117218,174 Corscot Pass
406,DHL,0727183640,877 Russell Parkway
407,UPS,0812213998,45498 Vernon Avenue
408,UPS,0885545389,9014 Gale Court
409,COLISSIMO,0844660611,8 Kennedy Plaza
410,COLISSIMO,0848680935,17831 Lunder Parkway
411,UPS,0942747342,821 Autumn Leaf Court
412,UPS,0937183231,9 Brown Park
413,DHL,0960432513,46018 Miller Point
414,COLISSIMO,0893629157,69669 Rockefeller Circle
415,UPS,0766038169,3 Norway Maple Parkway
416,UPS,0166920847,347 Center Way
417,COLISSIMO,0810801275,40856 Novick Junction
418,COLISSIMO,0650592213,5 Commercial Crossing
419,DHL,0985759979,9 Glendale Plaza
420,COLISSIMO,0934026966,2 Heffernan Pass
421,COLISSIMO,0159852250,5 Pearson Crossing
422,COLISSIMO,0989357026,47606 Clemons Pass
423,DHL,0608525022,1 Bunting Crossing
424,COLISSIMO,0953583728,2961 South Drive
425,COLISSIMO,0897052770,25 Old Gate Pass
426,DHL,0961376901,9 Lake View Alley
427,COLISSIMO,0984668657,8 Carey Avenue
428,UPS,0888105588,8081 5th Way
429,UPS,0920342246,84 Green Ridge Circle
430,COLISSIMO,0923768144,8 Oriole Center
431,COLISSIMO,0920174335,9 Caliangt Way
432,DHL,0966107836,54 Dapin Pass
433,COLISSIMO,0988232553,02354 Debs Crossing
434,UPS,0948317353,985 Jenifer Drive
435,DHL,0177699534,900 Sundown Terrace
436,COLISSIMO,0779719339,7 Mccormick Circle
437,COLISSIMO,0982456356,70392 Transport Alley
438,DHL,0979035630,2 Armistice Point
439,UPS,0931960653,1 Pearson Alley
440,DHL,0731659136,82 Monica Junction
441,UPS,0107058152,49 Springview Trail
442,DHL,0987443018,598 Muir Drive
443,DHL,0806528108,5434 Tomscot Center
444,UPS,0855164583,86 Manley Alley
445,UPS,0707964390,95794 Pearson Plaza
446,DHL,0790443765,76 Riverside Junction
447,COLISSIMO,0849682850,65094 Caliangt Terrace
448,COLISSIMO,0907000263,46 Arkansas Lane
449,COLISSIMO,0862704211,2134 Becker Circle
450,DHL,0193087212,368 Brentwood Parkway
451,DHL,0805704988,142 Towne Circle
452,COLISSIMO,0788885765,71392 Merrick Terrace
453,DHL,0862415421,7548 Nelson Lane
454,COLISSIMO,0938156631,5 Hagan Park
455,DHL,0986941447,93 Declaration Street
456,UPS,0651617612,908 Grover Avenue
457,UPS,0925525043,31216 Hanover Alley
458,UPS,0997237691,0717 Holmberg Hill
459,COLISSIMO,0993215800,4 Cardinal Court
460,COLISSIMO,0609292352,885 Troy Alley
461,UPS,0162457686,6 Jenifer Pass
462,COLISSIMO,0992668396,05 Westend Plaza
463,DHL,0114856153,5 Hazelcrest Pass
464,COLISSIMO,0757917281,381 Old Gate Pass
465,COLISSIMO,0903348347,15 Chinook Trail
466,COLISSIMO,0921734109,1081 Chive Street
467,DHL,0723339106,781 Milwaukee Avenue
468,UPS,0800252399,798 Graedel Drive
469,COLISSIMO,0807480584,7 Swallow Plaza
470,COLISSIMO,0924284302,2 Briar Crest Pass
471,COLISSIMO,0900500636,4390 Sullivan Circle
472,COLISSIMO,0783640297,03703 American Ash Hill
473,DHL,0909463300,8408 Pawling Drive
474,COLISSIMO,0898990263,46604 Hermina Parkway
475,UPS,0960588037,2 Superior Terrace
476,UPS,0166797565,348 Lakewood Pass
477,COLISSIMO,0914579508,937 Lakeland Center
478,COLISSIMO,0626045943,6494 Boyd Pass
479,COLISSIMO,0939248535,361 Charing Cross Center
480,COLISSIMO,0968162269,08582 Longview Lane
481,DHL,0910570911,77731 Paget Park
482,COLISSIMO,0887581607,6503 Sunnyside Lane
483,COLISSIMO,0933699678,3480 Southridge Street
484,DHL,0903839850,29718 Green Circle
485,COLISSIMO,0914988604,14211 5th Parkway
486,COLISSIMO,0971838237,02 Burning Wood Alley
487,UPS,0989378897,042 Pennsylvania Center
488,COLISSIMO,0976883202,39 Starling Alley
489,COLISSIMO,0973093999,46921 Dapin Place
490,COLISSIMO,0775952965,8496 Lawn Drive
491,COLISSIMO,0944626533,4170 Wayridge Court
492,COLISSIMO,0191946527,0478 Clemons Pass
493,UPS,0950103141,76792 Knutson Road
494,UPS,0110533221,44 Golf View Park
495,UPS,0811235791,96 Eastlawn Trail
496,COLISSIMO,0903667511,476 Continental Place
497,DHL,0927356288,5048 Sage Trail
498,COLISSIMO,0766265971,68132 Weeping Birch Circle
499,DHL,0823919498,23244 South Terrace
500,UPS,0993866545,91839 Paget Point
501,DHL,0914901037,0 Comanche Drive
502,UPS,0996660274,37 Melvin Alley
503,COLISSIMO,0764828110,3614 Riverside Crossing
504,COLISSIMO,0926553664,33 Stuart Lane
505,UPS,0976113192,42 Oak Valley Center
506,UPS,0857080245,15 Mifflin Street
507,COLISSIMO,0779354685,3 Village Point
508,COLISSIMO,0937411823,4944 Merchant Pass
509,COLISSIMO,0959873766,5445 Lukken Trail
510,COLISSIMO,0809616674,8 Glendale Parkway
511,COLISSIMO,0770084891,09 Weeping Birch Hill
512,UPS,0987525810,01 Fulton Place
513,COLISSIMO,0934662824,82670 Shopko Drive
514,COLISSIMO,0946475060,98774 Hoard Way
515,COLISSIMO,0915918831,15790 School Alley
516,UPS,0725349315,66218 Bellgrove Circle
517,COLISSIMO,0955242026,043 Darwin Junction
518,COLISSIMO,0657625311,408 Merry Avenue
519,COLISSIMO,0903090525,36 Glacier Hill Trail
520,UPS,0733550775,4384 Red Cloud Terrace
521,COLISSIMO,0963315553,7348 Fordem Avenue
522,UPS,0712937914,5878 Colorado Road
523,DHL,0910635246,97310 Debra Junction
524,COLISSIMO,0996321064,10 Jackson Drive
525,UPS,0857507481,9 Columbus Park
526,DHL,0969034149,450 Jenna Alley
527,DHL,0819097218,2661 Pearson Court
528,COLISSIMO,0891056320,7 Stang Point
529,COLISSIMO,0725893765,88 Brown Drive
530,COLISSIMO,0881757159,11039 Crowley Junction
531,COLISSIMO,0935743320,64 Dottie Way
532,COLISSIMO,0959612691,7 Sachtjen Point
533,COLISSIMO,0911652391,27 Pepper Wood Center
534,DHL,0998025789,69584 High Crossing Place
535,COLISSIMO,0948127890,740 Shelley Trail
536,COLISSIMO,0609208526,57 Transport Alley
537,COLISSIMO,0915136731,881 Village Drive
538,DHL,0719377386,7 Maple Alley
539,DHL,0786016729,2 Linden Point
540,COLISSIMO,0955360493,260 Talmadge Center
541,DHL,0642539851,95197 Spenser Road
542,COLISSIMO,0831146536,830 Welch Terrace
543,UPS,0945749980,72 Surrey Park
544,COLISSIMO,0180097914,272 Sachs Lane
545,COLISSIMO,0719802482,5190 Declaration Center
546,UPS,0943212679,9 Clarendon Lane
547,COLISSIMO,0910028831,18380 Welch Plaza
548,UPS,0904968359,1 Westend Hill
549,DHL,0776009644,32 Oakridge Center
550,COLISSIMO,0992503487,15256 Annamark Point
551,DHL,0904322432,81 Duke Junction
552,COLISSIMO,0967082157,6278 Hintze Alley
553,COLISSIMO,0877429058,43 Florence Way
554,UPS,0948650825,3 Lake View Court
555,DHL,0835273231,644 Sunbrook Crossing
556,UPS,0930408474,9624 Cottonwood Pass
557,COLISSIMO,0990892678,524 Anthes Junction
558,UPS,0935118030,70 Merrick Drive
559,DHL,0176135870,4 Goodland Center
560,COLISSIMO,0982112295,62 Mendota Crossing
561,UPS,0775670487,52 Troy Alley
562,DHL,0946334932,072 Cascade Terrace
563,DHL,0989511355,2325 Carioca Point
564,DHL,0844873753,1 Lotheville Crossing
565,UPS,0792209416,381 Kensington Court
566,COLISSIMO,0958498081,03 Basil Place
567,COLISSIMO,0985882798,83 Crownhardt Hill
568,COLISSIMO,0786772350,5 Alpine Hill
569,COLISSIMO,0945943678,5 David Point
570,COLISSIMO,0643704882,46 Superior Alley
571,DHL,0954141784,892 Helena Parkway
572,DHL,0784907673,48 Onsgard Crossing
573,COLISSIMO,0941873277,65 Myrtle Place
574,UPS,0939023080,3547 Gina Crossing
575,DHL,0806379662,92954 Pleasure Terrace
576,COLISSIMO,0958547270,4 Kingsford Way
577,UPS,0913807721,86562 Arapahoe Point
578,DHL,0844621451,00558 Mcguire Pass
579,COLISSIMO,0974143731,766 Hazelcrest Court
580,COLISSIMO,0853629170,86650 High Crossing Trail
581,DHL,0168244211,50 Roth Alley
582,COLISSIMO,0943111153,41283 Jenifer Place
583,COLISSIMO,0927656838,0686 Stephen Road
584,COLISSIMO,0918190355,4197 Paget Alley
585,COLISSIMO,0929338352,03 Gulseth Avenue
586,COLISSIMO,0913957790,22 Columbus Drive
587,COLISSIMO,0934151987,708 6th Hill
588,UPS,0643974415,177 Welch Alley
589,COLISSIMO,0905977778,347 Anniversary Park
590,UPS,0890924402,1287 Almo Lane
591,DHL,0987179047,8885 Macpherson Plaza
592,COLISSIMO,0913200230,76 Rusk Lane
593,COLISSIMO,0874324982,0 Dorton Plaza
594,UPS,0856736865,508 Scott Pass
595,UPS,0901544474,5885 Walton Court
596,DHL,0168167615,7131 Duke Junction
597,COLISSIMO,0124304262,24 Melvin Terrace
598,COLISSIMO,0813813532,6 Hagan Lane
599,DHL,0983844448,8914 Killdeer Court
600,UPS,0920634438,022 Stone Corner Trail
601,COLISSIMO,0162159037,28 Oriole Parkway
602,COLISSIMO,0919526282,38 Darwin Park
603,COLISSIMO,0609069985,8902 Armistice Road
604,UPS,0943210350,67886 Prairieview Street
605,UPS,0912663006,086 Mallard Court
606,DHL,0929409839,02 Nancy Terrace
607,COLISSIMO,0907342008,68 Rigney Lane
608,DHL,0806967489,34885 Summerview Pass
609,COLISSIMO,0850950685,68 Hauk Way
610,DHL,0978485370,4 Del Mar Trail
611,UPS,0964785235,567 Coolidge Street
612,UPS,0676053131,80 Shopko Parkway
613,UPS,0865844808,3 Banding Street
614,UPS,0729686336,3290 Westerfield Trail
615,COLISSIMO,0878595176,039 Lukken Pass
616,UPS,0950739214,92 East Point
617,COLISSIMO,0989723819,9 Vidon Hill
618,DHL,0893778716,2131 Cottonwood Center
619,DHL,0101739958,6 Summerview Avenue
620,UPS,0973825814,538 Buhler Avenue
621,COLISSIMO,0603098837,00 Dahle Point
622,UPS,0935571691,6 John Wall Terrace
623,UPS,0190122374,559 Eastwood Center
624,COLISSIMO,0836932742,48 Kipling Center
625,COLISSIMO,0962168155,99259 Comanche Trail
626,DHL,0622310466,42500 Londonderry Alley
627,DHL,0797373056,05502 Paget Crossing
628,UPS,0984710867,3 Maple Wood Road
629,UPS,0958671521,73 Warner Plaza
630,COLISSIMO,0811830647,694 Cottonwood Road
631,COLISSIMO,0144255847,5 Briar Crest Plaza
632,COLISSIMO,0873608440,825 Trailsway Road
633,DHL,0999341569,2552 Grasskamp Court
634,UPS,0134627811,3900 Sugar Crossing
635,COLISSIMO,0879712711,325 Cardinal Pass
636,COLISSIMO,0914438298,32209 Arrowood Street
637,COLISSIMO,0907377222,67 Arapahoe Place
638,DHL,0851067596,06274 Judy Court
639,UPS,0886169067,94 Bowman Parkway
640,DHL,0948288580,59155 Cambridge Pass
641,COLISSIMO,0872410072,3 Kensington Road
642,UPS,0927956837,97 Waubesa Hill
643,UPS,0896239645,397 Lake View Plaza
644,UPS,0179351242,798 Cardinal Pass
645,COLISSIMO,0791435178,2551 Mandrake Parkway
646,COLISSIMO,0965071077,8 Petterle Center
647,COLISSIMO,0878221861,355 Comanche Road
648,COLISSIMO,0920039530,10 Petterle Court
649,UPS,0984569716,131 Pankratz Road
650,COLISSIMO,0898879282,445 Bowman Circle
651,UPS,0804005774,5 Amoth Trail
652,COLISSIMO,0977660750,11 Hayes Drive
653,COLISSIMO,0960749493,30453 Lakeland Terrace
654,COLISSIMO,0913583524,50 Monica Point
655,UPS,0787078162,010 Shasta Terrace
656,DHL,0888586277,81 Hermina Terrace
657,COLISSIMO,0975390085,30 Cordelia Pass
658,UPS,0677783148,8943 Bowman Terrace
659,COLISSIMO,0860158725,0 Clemons Center
660,COLISSIMO,0906405004,6 Cherokee Drive
661,COLISSIMO,0852119287,32850 Shoshone Junction
662,DHL,0970583735,406 Mayer Avenue
663,UPS,0960215573,103 Dexter Parkway
664,UPS,0880473730,8 Rieder Street
665,DHL,0176664238,03 Bellgrove Parkway
666,COLISSIMO,0991938206,35060 Del Sol Street
667,COLISSIMO,0144037098,604 Eagan Plaza
668,DHL,0985297102,67 Fieldstone Lane
669,UPS,0692957264,07063 1st Drive
670,COLISSIMO,0943110487,644 Oriole Road
671,COLISSIMO,0806501078,641 Banding Circle
672,DHL,0991710836,60 Kinsman Crossing
673,DHL,0865577300,39 Longview Pass
674,COLISSIMO,0984098054,591 Waywood Drive
675,COLISSIMO,0117193835,9456 Meadow Vale Alley
676,COLISSIMO,0928002980,42 Tomscot Circle
677,COLISSIMO,0803160430,77810 Lake View Drive
678,UPS,0969549686,00990 Barnett Trail
679,DHL,0816639659,46 Colorado Avenue
680,UPS,0819236258,508 Rockefeller Parkway
681,COLISSIMO,0705026656,73 Eggendart Road
682,COLISSIMO,0759901930,143 Grover Point
683,COLISSIMO,0974196899,6 Sycamore Junction
684,COLISSIMO,0179374803,42225 Meadow Ridge Hill
685,UPS,0813163613,591 Welch Way
686,DHL,0925536767,26643 Meadow Vale Point
687,DHL,0992132237,7734 Farwell Crossing
688,COLISSIMO,0968655899,31094 Oak Trail
689,COLISSIMO,0949837275,25187 Katie Street
690,COLISSIMO,0976489408,636 Birchwood Place
691,COLISSIMO,0884671773,2 Mayfield Avenue
692,UPS,0955756072,8 Cambridge Alley
693,COLISSIMO,0953113036,03 Darwin Circle
694,COLISSIMO,0125379523,36128 Heath Street
695,DHL,0996328061,621 Carpenter Parkway
696,DHL,0992721944,7 Clove Terrace
697,COLISSIMO,0922222396,22 Barby Hill
698,COLISSIMO,0769656920,904 Mesta Center
699,DHL,0730641908,3 Morningstar Lane
700,UPS,0864967293,36928 Southridge Alley
701,DHL,0917803748,21233 East Center
702,DHL,0767187410,5 Tennessee Street
703,UPS,0854688641,426 Pond Center
704,UPS,0918740964,5 Badeau Point
705,COLISSIMO,0940137395,61267 Gateway Court
706,COLISSIMO,0742059591,1 Loomis Circle
707,DHL,0978592814,13692 Rigney Plaza
708,COLISSIMO,0180704292,67214 2nd Court
709,DHL,0696777324,889 Hoepker Terrace
710,DHL,0966585986,6191 La Follette Street
711,COLISSIMO,0887987874,03 Northfield Parkway
712,UPS,0857543648,5 Knutson Lane
713,COLISSIMO,0626734252,9770 Farwell Parkway
714,UPS,0973857117,3 Grover Park
715,UPS,0786324598,09 Crescent Oaks Court
716,UPS,0858946421,79 Green Ridge Center
717,DHL,0144202956,1830 Hanson Point
718,COLISSIMO,0912617299,36 Haas Court
719,DHL,0848542823,81169 East Road
720,COLISSIMO,0841506808,051 Declaration Parkway
721,UPS,0973755741,8 Hayes Alley
722,COLISSIMO,0879004405,13511 Sachtjen Drive
723,DHL,0905944708,5307 Heffernan Park
724,COLISSIMO,0129914803,5 Bowman Terrace
725,DHL,0986897828,4 Pleasure Center
726,DHL,0998880116,2 Daystar Court
727,COLISSIMO,0885438076,68520 Mendota Trail
728,DHL,0881841873,323 Hoard Lane
729,COLISSIMO,0984335997,50 Forest Run Plaza
730,COLISSIMO,0992543714,802 Monica Road
731,COLISSIMO,0743329804,5137 Almo Avenue
732,DHL,0762566129,43 Logan Way
733,UPS,0984219589,4 Eliot Drive
734,DHL,0978176445,7851 Glendale Avenue
735,UPS,0972675312,1824 Lake View Avenue
736,UPS,0960218645,83961 Melvin Park
737,COLISSIMO,0907622455,1415 Dakota Street
738,UPS,0961011931,60 Troy Trail
739,DHL,0972287000,209 Jana Pass
740,DHL,0924811046,124 Glendale Place
741,COLISSIMO,0970256290,1877 Warrior Pass
742,COLISSIMO,0634148176,23 Buena Vista Crossing
743,UPS,0672563814,9942 Duke Alley
744,UPS,0813815367,10 Kennedy Place
745,COLISSIMO,0754279898,26 Pine View Crossing
746,UPS,0834209298,657 Springview Place
747,COLISSIMO,0926506087,8507 Hansons Plaza
748,DHL,0757625783,6579 Scott Trail
749,COLISSIMO,0984213772,4 Bayside Circle
750,COLISSIMO,0933719313,8 Bunting Center
751,COLISSIMO,0139811341,06 Pond Plaza
752,COLISSIMO,0854128791,99 Londonderry Place
753,COLISSIMO,0931538518,4 Delaware Park
754,COLISSIMO,0820074835,5 Commercial Pass
755,UPS,0905992342,7 Old Shore Hill
756,DHL,0669448400,949 Mayer Plaza
757,COLISSIMO,0863273037,6390 Jenna Avenue
758,UPS,0871410088,2414 Golden Leaf Place
759,COLISSIMO,0926901379,44888 Judy Street
760,DHL,0145564468,8 Westerfield Lane
761,UPS,0898744855,4293 Moulton Junction
762,COLISSIMO,0920509946,1 Forest Dale Alley
763,COLISSIMO,0842062221,95 Colorado Road
764,COLISSIMO,0959779112,9568 Onsgard Street
765,COLISSIMO,0618483494,7360 Fallview Road
766,COLISSIMO,0649309707,7220 Cherokee Junction
767,COLISSIMO,0845117627,71800 Banding Street
768,COLISSIMO,0777730744,5041 Dorton Crossing
769,UPS,0807008394,4608 Golf Junction
770,COLISSIMO,0907659808,4838 Ohio Trail
771,DHL,0982042986,6578 Fair Oaks Lane
772,UPS,0963863139,3 Briar Crest Avenue
773,COLISSIMO,0860422104,4 Pawling Road
774,DHL,0890385227,447 Mifflin Way
775,COLISSIMO,0934988300,294 Golf Course Pass
776,UPS,0983232584,72161 Jay Alley
777,DHL,0991946705,57775 Harbort Trail
778,UPS,0917831980,91 Montana Park
779,COLISSIMO,0950595408,4601 Sachs Point
780,DHL,0765171257,4 Larry Park
781,UPS,0941985388,86 Southridge Avenue
782,DHL,0924021913,01 Cambridge Drive
783,DHL,0986327575,95 Sunbrook Terrace
784,COLISSIMO,0937940426,9368 Buena Vista Terrace
785,COLISSIMO,0792996846,702 Farwell Place
786,COLISSIMO,0923250836,6580 Ludington Junction
787,COLISSIMO,0706068327,42312 Calypso Road
788,COLISSIMO,0953898046,3 Delladonna Plaza
789,DHL,0166545752,500 Sheridan Drive
790,UPS,0952921197,4 Namekagon Drive
791,DHL,0930149273,24326 Hayes Park
792,DHL,0997159781,01805 Westport Pass
793,DHL,0932837521,3392 Ridgeway Avenue
794,DHL,0926531457,34 Killdeer Park
795,UPS,0746451255,05580 Debra Park
796,COLISSIMO,0836759337,803 Kropf Drive
797,COLISSIMO,0621894350,186 Garrison Point
798,UPS,0989825721,63 Canary Plaza
799,UPS,0864418942,8083 Knutson Parkway
800,DHL,0605748122,62 Vahlen Point
801,COLISSIMO,0856237961,80 Di Loreto Park
802,DHL,0915223838,8 Waywood Center
803,COLISSIMO,0164631296,7092 Menomonie Circle
804,COLISSIMO,0916451338,3093 Kingsford Hill
805,DHL,0188645108,78 Prairieview Road
806,UPS,0895793229,96711 Doe Crossing Junction
807,COLISSIMO,0750018397,6254 Monument Circle
808,DHL,0942228709,61305 Arkansas Parkway
809,COLISSIMO,0873987343,15 Haas Road
810,UPS,0929549050,96922 Lakeland Terrace
811,COLISSIMO,0763540865,0283 Randy Street
812,UPS,0993844915,74 Sutherland Drive
813,UPS,0877770190,6887 Hansons Avenue
814,COLISSIMO,0734339571,5 Farragut Court
815,COLISSIMO,0994186437,6 Darwin Point
816,UPS,0956850462,60 Dorton Street
817,UPS,0629165335,334 Starling Point
818,COLISSIMO,0951577641,16 Namekagon Park
819,UPS,0997658352,331 Hooker Way
820,COLISSIMO,0189308517,4292 Autumn Leaf Park
821,COLISSIMO,0740203405,79 Summer Ridge Court
822,COLISSIMO,0903760466,757 Mayer Terrace
823,COLISSIMO,0979195721,0238 Moose Way
824,COLISSIMO,0744232763,95 Granby Street
825,COLISSIMO,0957832285,00 Vahlen Trail
826,COLISSIMO,0946152481,28 Declaration Plaza
827,UPS,0871804442,841 Gina Plaza
828,UPS,0934494470,11 Canary Point
829,COLISSIMO,0918375531,634 Bluejay Alley
830,DHL,0907769719,72 Monterey Crossing
831,DHL,0846595991,607 Monument Parkway
832,UPS,0836647222,375 John Wall Court
833,UPS,0933275017,40669 Artisan Alley
834,UPS,0696848985,2 Vernon Crossing
835,COLISSIMO,0988774834,01430 Summit Pass
836,DHL,0849303400,2 Garrison Lane
837,DHL,0879960152,82 Hauk Alley
838,COLISSIMO,0878436526,306 Warbler Pass
839,DHL,0928565291,5529 Maryland Point
840,UPS,0994741019,73 Northridge Lane
841,UPS,0875651642,59113 Buhler Drive
842,UPS,0187818828,404 Autumn Leaf Junction
843,COLISSIMO,0644698587,76 Southridge Junction
844,UPS,0844021237,744 Farmco Center
845,COLISSIMO,0745448438,8627 Forest Run Parkway
846,COLISSIMO,0936073470,1243 Glacier Hill Circle
847,DHL,0957607488,8056 Lyons Park
848,COLISSIMO,0913447159,10 Logan Way
849,COLISSIMO,0995099706,7 Crownhardt Lane
850,COLISSIMO,0904992914,0 Ronald Regan Alley
851,COLISSIMO,0629225938,212 Stoughton Plaza
852,COLISSIMO,0967816444,6 Veith Plaza
853,COLISSIMO,0963533653,13930 Ronald Regan Avenue
854,DHL,0973967613,1 Lighthouse Bay Lane
855,UPS,0143295619,68 Granby Trail
856,COLISSIMO,0978698698,6 Corry Road
857,DHL,0971972620,5 Thierer Center
858,COLISSIMO,0949175274,32 Main Crossing
859,COLISSIMO,0930207264,19884 Kensington Court
860,COLISSIMO,0915141903,0 Mosinee Plaza
861,COLISSIMO,0924029010,5892 Sugar Drive
862,DHL,0933342073,12 Ramsey Circle
863,UPS,0726494831,8546 Melby Plaza
864,COLISSIMO,0775279055,5641 Union Junction
865,COLISSIMO,0903079379,9 Everett Terrace
866,COLISSIMO,0806805353,18077 Fieldstone Pass
867,DHL,0174431004,5 6th Hill
868,UPS,0916372053,78 Merchant Way
869,DHL,0938016999,9642 Blue Bill Park Center
870,COLISSIMO,0913987639,24 Shoshone Road
871,DHL,0818829814,7396 Leroy Parkway
872,DHL,0810475936,55986 Kings Plaza
873,UPS,0810986176,4 Pepper Wood Park
874,DHL,0922464838,5444 Truax Avenue
875,COLISSIMO,0965266853,1504 Texas Street
876,COLISSIMO,0926460968,29522 Donald Alley
877,COLISSIMO,0950870452,78 Kim Place
878,UPS,0805427895,18 Fallview Drive
879,UPS,0959275522,3 Bultman Junction
880,COLISSIMO,0116545472,90 Shoshone Hill
881,UPS,0950661131,7 Oakridge Road
882,UPS,0776569904,43 Sutherland Parkway
883,DHL,0878332357,13 Parkside Drive
884,DHL,0848707851,5 Norway Maple Lane
885,DHL,0889584237,04924 Express Way
886,COLISSIMO,0754044430,363 Hayes Parkway
887,COLISSIMO,0902968191,4 Sugar Hill
888,COLISSIMO,0931788362,7 Manley Terrace
889,DHL,0148435908,545 Park Meadow Hill
890,UPS,0802684006,390 Transport Way
891,COLISSIMO,0973551342,84 Hermina Place
892,COLISSIMO,0803095137,9 Carioca Way
893,COLISSIMO,0169859727,1447 Westerfield Alley
894,COLISSIMO,0727289176,54426 Stoughton Court
895,UPS,0887151970,2 Westend Point
896,DHL,0862481118,5 Lakewood Gardens Hill
897,COLISSIMO,0194069501,24 La Follette Place
898,DHL,0605177436,992 Sunnyside Trail
899,DHL,0800005367,70 Delladonna Road
900,DHL,0836645091,259 Evergreen Place
901,COLISSIMO,0950632019,9 Stephen Parkway
902,DHL,0915518252,68 Vermont Hill
903,DHL,0879991460,23 Macpherson Court
904,UPS,0912174620,42292 Vidon Street
905,COLISSIMO,0928173632,61 Rockefeller Parkway
906,COLISSIMO,0145699540,3 Dakota Hill
907,COLISSIMO,0924098380,13465 Quincy Center
908,DHL,0929990830,9 Rockefeller Trail
909,COLISSIMO,0776948381,145 Homewood Way
910,DHL,0979304800,8 Artisan Junction
911,DHL,0843077197,1174 Memorial Point
912,DHL,0988921125,6 East Hill
913,UPS,0870119000,20 Haas Park
914,COLISSIMO,0767365077,8 Hoffman Circle
915,UPS,0817620234,94 Stuart Court
916,UPS,0727313556,0492 Glendale Terrace
917,COLISSIMO,0933863969,3118 Blue Bill Park Place
918,COLISSIMO,0853587060,1435 Main Street
919,COLISSIMO,0946077152,7 Florence Point
920,COLISSIMO,0970683879,222 Basil Circle
921,UPS,0889997887,3 Talmadge Point
922,COLISSIMO,0989073830,00 Comanche Place
923,COLISSIMO,0768997077,7 Welch Terrace
924,COLISSIMO,0909680991,19102 Pawling Way
925,COLISSIMO,0969614886,72584 Kingsford Way
926,UPS,0995843214,63417 Dennis Street
927,COLISSIMO,0958747264,26351 Lake View Parkway
928,COLISSIMO,0952193445,60642 Village Lane
929,UPS,0832983427,97 Quincy Parkway
930,COLISSIMO,0683059698,0 Arizona Junction
931,COLISSIMO,0906973028,533 Buhler Lane
932,DHL,0953695222,39779 Scott Park
933,UPS,0938627542,048 Oxford Drive
934,COLISSIMO,0953116892,83409 Starling Street
935,COLISSIMO,0794785041,474 Talisman Point
936,DHL,0983118658,88 Londonderry Avenue
937,COLISSIMO,0953832744,6500 Spohn Center
938,COLISSIMO,0956454402,3 Briar Crest Drive
939,COLISSIMO,0892318026,5681 Hermina Way
940,DHL,0874952235,72598 Daystar Circle
941,COLISSIMO,0919526929,159 Sundown Alley
942,COLISSIMO,0916639705,8667 Ryan Parkway
943,COLISSIMO,0739011764,27359 Amoth Pass
944,UPS,0951782980,148 Old Gate Street
945,UPS,0953456389,0 Londonderry Avenue
946,COLISSIMO,0627377970,3549 Nancy Place
947,DHL,0759997517,05070 Westridge Way
948,COLISSIMO,0973250004,563 Mendota Lane
949,COLISSIMO,0129514347,75501 Maywood Street
950,COLISSIMO,0916543266,19 Myrtle Way
951,COLISSIMO,0966148105,38 Prairie Rose Junction
952,COLISSIMO,0972479988,87 Warrior Trail
953,DHL,0963874633,5264 Southridge Drive
954,COLISSIMO,0110157136,543 Browning Junction
955,COLISSIMO,0843931017,495 Oxford Circle
956,DHL,0949072237,071 Rockefeller Center
957,DHL,0862249428,81734 Marquette Park
958,DHL,0897216238,5 Melby Park
959,DHL,0727083139,81 Mendota Terrace
960,COLISSIMO,0803332465,3841 Pine View Court
961,COLISSIMO,0953254548,2 Mosinee Circle
962,UPS,0994822838,2 Hanson Street
963,COLISSIMO,0745743026,7 Hallows Terrace
964,UPS,0793644847,5472 Elgar Park
965,DHL,0894841081,2717 Browning Alley
966,COLISSIMO,0714147297,0 Moulton Court
967,COLISSIMO,0154278796,60 Dovetail Terrace
968,COLISSIMO,0955363130,05430 Hallows Way
969,UPS,0813448154,2 Lawn Junction
970,COLISSIMO,0728208588,66272 Birchwood Lane
971,COLISSIMO,0711758652,53 Straubel Terrace
972,COLISSIMO,0148300920,03596 Farmco Plaza
973,UPS,0838315894,3 Nobel Court
974,DHL,0814117097,2 Jackson Junction
975,COLISSIMO,0802552022,7851 Gulseth Point
976,UPS,0962971876,44 Northport Court
977,UPS,0948466784,13339 Saint Paul Place
978,COLISSIMO,0785672204,7 Roth Street
979,DHL,0689556057,16806 Mariners Cove Drive
980,UPS,0906883577,2 Reindahl Terrace
981,UPS,0924022299,629 Oriole Place
982,DHL,0966988505,95312 Mesta Way
983,UPS,0889354566,1538 Daystar Drive
984,UPS,0942655181,45 Roxbury Plaza
985,COLISSIMO,0975209305,23836 Comanche Park
986,UPS,0928934233,5211 Esker Lane
987,COLISSIMO,0622026617,92 Rusk Circle
988,COLISSIMO,0942252735,06 Holy Cross Drive
989,COLISSIMO,0707197767,9282 Dahle Park
990,COLISSIMO,0950306383,006 Waubesa Street
991,DHL,0618778585,17709 Colorado Road
992,COLISSIMO,0606093668,08848 Reinke Alley
993,UPS,0893254942,33040 South Point
994,UPS,0921249660,38327 Fordem Road
995,COLISSIMO,0964074409,823 Artisan Court
996,COLISSIMO,0723497982,170 Crest Line Circle
997,COLISSIMO,0969654190,4357 Fair Oaks Court
998,UPS,0759789459,068 Hansons Terrace
999,DHL,0967871333,11404 Express Alley
1000,COLISSIMO,0146167237,4 Morningstar Road
